date,govt_string,tot_cases,new_cases,new_deaths,umsennt_over,umsent_exp,umsenti_cur,cci_over,cci_exp,cci_cur,ism_manu,ism_non,tot_deaths,new_deaths
1967M01,,,,,,,,,,,49.1,,,
1967M02,,,,,,,,,,,47.6,,,
1967M03,,,,,,,,,,,45.3,,,
1967M04,,,,,,,,,,,42.8,,,
1967M05,,,,,,,,,,,44.5,,,
1967M06,,,,,,,,,,,46.8,,,
1967M07,,,,,,,,,,,49.5,,,
1967M08,,,,,,,,,,,52.2,,,
1967M09,,,,,,,,,,,54.9,,,
1967M10,,,,,,,,,,,54.1,,,
1967M11,,,,,,,,,,,54.2,,,
1967M12,,,,,,,,,,,55.6,,,
1968M01,,,,,,,,,,,56.6,,,
1968M02,,,,,,,,,,,55,,,
1968M03,,,,,,,,,,,53.8,,,
1968M04,,,,,,,,,,,58,,,
1968M05,,,,,,,,,,,55.3,,,
1968M06,,,,,,,,,,,53.5,,,
1968M07,,,,,,,,,,,54.1,,,
1968M08,,,,,,,,,,,52.7,,,
1968M09,,,,,,,,,,,51.8,,,
1968M10,,,,,,,,,,,55.8,,,
1968M11,,,,,,,,,,,58.1,,,
1968M12,,,,,,,,,,,56.1,,,
1969M01,,,,,,,,,,,54.9,,,
1969M02,,,,,,,,,,,57,,,
1969M03,,,,,,,,,,,57.1,,,
1969M04,,,,,,,,,,,55.2,,,
1969M05,,,,,,,,,,,56.7,,,
1969M06,,,,,,,,,,,55.5,,,
1969M07,,,,,,,,,,,53.1,,,
1969M08,,,,,,,,,,,54.8,,,
1969M09,,,,,,,,,,,54.1,,,
1969M10,,,,,,,,,,,54.6,,,
1969M11,,,,,,,,,,,53.2,,,
1969M12,,,,,,,,,,,52,,,
1970M01,,,,,,,,,,,48.7,,,
1970M02,,,,,,,,,,,47.4,,,
1970M03,,,,,,,,,,,46.9,,,
1970M04,,,,,,,,,,,45,,,
1970M05,,,,,,,,,,,47.2,,,
1970M06,,,,,,,,,,,51.1,,,
1970M07,,,,,,,,,,,49.5,,,
1970M08,,,,,,,,,,,47.3,,,
1970M09,,,,,,,,,,,44.1,,,
1970M10,,,,,,,,,,,42.4,,,
1970M11,,,,,,,,,,,39.7,,,
1970M12,,,,,,,,,,,45.4,,,
1971M01,,,,,,,,,,,47.9,,,
1971M02,,,,,,,,,,,54.8,,,
1971M03,,,,,,,,,,,51.2,,,
1971M04,,,,,,,,,,,54.5,,,
1971M05,,,,,,,,,,,54.2,,,
1971M06,,,,,,,,,,,53.8,,,
1971M07,,,,,,,,,,,54.4,,,
1971M08,,,,,,,,,,,53.6,,,
1971M09,,,,,,,,,,,55.1,,,
1971M10,,,,,,,,,,,55,,,
1971M11,,,,,,,,,,,52.3,,,
1971M12,,,,,,,,,,,57.6,,,
1972M01,,,,,,,,,,,59.6,,,
1972M02,,,,,,,,,,,60.6,,,
1972M03,,,,,,,,,,,59.8,,,
1972M04,,,,,,,,,,,59.3,,,
1972M05,,,,,,,,,,,61.4,,,
1972M06,,,,,,,,,,,58.6,,,
1972M07,,,,,,,,,,,60.1,,,
1972M08,,,,,,,,,,,61.7,,,
1972M09,,,,,,,,,,,65.1,,,
1972M10,,,,,,,,,,,67,,,
1972M11,,,,,,,,,,,69.9,,,
1972M12,,,,,,,,,,,70.5,,,
1973M01,,,,,,,,,,,72.1,,,
1973M02,,,,,,,,,,,69.6,,,
1973M03,,,,,,,,,,,69.6,,,
1973M04,,,,,,,,,,,67.7,,,
1973M05,,,,,,,,,,,64.8,,,
1973M06,,,,,,,,,,,65,,,
1973M07,,,,,,,,,,,57.8,,,
1973M08,,,,,,,,,,,62.7,,,
1973M09,,,,,,,,,,,63.5,,,
1973M10,,,,,,,,,,,66.2,,,
1973M11,,,,,,,,,,,68.1,,,
1973M12,,,,,,,,,,,63.6,,,
1974M01,,,,,,,,99.04207,,,62.1,,,
1974M02,,,,,,,,98.98896,,,58.6,,,
1974M03,,,,,,,,99.11949,,,61.8,,,
1974M04,,,,,,,,99.25858,,,59.9,,,
1974M05,,,,,,,,99.23489,,,55.7,,,
1974M06,,,,,,,,99.06351,,,54.7,,,
1974M07,,,,,,,,98.82465,,,54.8,,,
1974M08,,,,,,,,98.5909,,,52.9,,,
1974M09,,,,,,,,98.38078,,,46.2,,,
1974M10,,,,,,,,98.21665,,,42.7,,,
1974M11,,,,,,,,98.14568,,,37.9,,,
1974M12,,,,,,,,98.17189,,,30.9,,,
1975M01,,,,,,,,98.32552,,,30.7,,,
1975M02,,,,,,,,98.59344,,,34.4,,,
1975M03,,,,,,,,98.90186,,,31.6,,,
1975M04,,,,,,,,99.17805,,,37.5,,,
1975M05,,,,,,,,99.35952,,,41.2,,,
1975M06,,,,,,,,99.46787,,,45.1,,,
1975M07,,,,,,,,99.54979,,,47.2,,,
1975M08,,,,,,,,99.6029,,,51.4,,,
1975M09,,,,,,,,99.66647,,,54.4,,,
1975M10,,,,,,,,99.81253,,,55.5,,,
1975M11,,,,,,,,100.0877,,,54.5,,,
1975M12,,,,,,,,100.4389,,,54.9,,,
1976M01,,,,,,,,100.7536,,,58.8,,,
1976M02,,,,,,,,100.9136,,,61.5,,,
1976M03,,,,,,,,100.9706,,,58.4,,,
1976M04,,,,,,,,101.0065,,,60.6,,,
1976M05,,,,,,,,101.0658,,,58.8,,,
1976M06,,,,,,,,101.1079,99.4,96.5,58.2,,,
1976M07,,,,,,,,101.0906,100.6,92.8,55.9,,,
1976M08,,,,,,,,100.9993,100.5,96,54.5,,,
1976M09,,,,,,,,100.8782,95.3,98.8,53.6,,,
1976M10,,,,,,,,100.7881,97.9,91.9,53.5,,,
1976M11,,,,,,,,100.7893,103.2,92.6,51.7,,,
1976M12,,,,,,,,100.8551,113.1,104.6,56.6,,,
1977M01,,,,,,,,100.939,109.4,105.4,54.8,,,
1977M02,,,,,,,,100.9779,108.2,105.2,55,,,
1977M03,,,,,,,,100.9517,107.1,101.2,58.4,,,
1977M04,,,,,,,,100.8867,108.6,112,56.9,,,
1977M05,,,,,,,,100.852,99.1,115,59.7,,,
1977M06,,,,,,,,100.9076,101,122.2,56.8,,,
1977M07,,,,,,,,101.0181,93.3,123.4,57.7,,,
1977M08,,,,,,,,101.1222,97.4,123.9,54.9,,,
1977M09,,,,,,,,101.2181,95.3,123.5,53.9,,,
1977M10,,,,,,,,101.3153,97.7,124.9,55.4,,,
1977M11,,,,,,,,101.3969,82.4,117.7,56.1,,,
1977M12,,,,,,,,101.467,86.1,126.3,59.8,,,
1978M01,,,,,83.7,75.7,96.2,101.5055,82.2,125.6,57.4,,,
1978M02,,,,,84.3,77.2,95.4,101.4868,88.8,120.5,55.9,,,
1978M03,,,,,78.8,69.5,93.2,101.4235,78,124,55,,,
1978M04,,,,,81.6,71.1,98,101.422,77.9,119.7,57.7,,,
1978M05,,,,,82.9,73,98.2,101.4491,78.5,122.2,60.2,,,
1978M06,,,,,80,68.1,98.4,101.4537,73.3,121.7,60.5,,,
1978M07,,,,,82.4,72,98.7,101.4666,63.1,108.9,62.2,,,
1978M08,,,,,78.4,67,96.1,101.4479,60.7,107.4,60.3,,,
1978M09,,,,,80.4,69.8,96.9,101.4336,66.9,119.2,60.5,,,
1978M10,,,,,79.3,71.7,91.2,101.3066,74.1,119.5,60.1,,,
1978M11,,,,,75,62.8,94.1,101.0436,73,115.9,61.3,,,
1978M12,,,,,66.1,53.8,85.2,100.7732,74.8,114.4,59.4,,,
1979M01,,,,,72.1,58.4,93.3,100.6833,71.4,107.6,58.5,,,
1979M02,,,,,73.9,62.2,92.2,100.6628,74.1,102,58.2,,,
1979M03,,,,,68.4,53.7,91.2,100.5912,70.5,96.3,57.7,,,
1979M04,,,,,66,53.3,85.9,100.5006,50,76.3,56.2,,,
1979M05,,,,,68.1,54.9,88.7,100.3905,50,50.2,54.4,,,
1979M06,,,,,65.8,51.4,88.2,100.1943,62.3,46.9,52.7,,,
1979M07,,,,,60.4,44.2,85.7,99.9903,75.4,50.4,51.3,,,
1979M08,,,,,64.5,49.3,88.2,99.88538,85,49.5,49.5,,,
1979M09,,,,,66.7,53.6,87.1,99.7798,93.8,59.9,49.6,,,
1979M10,,,,,62.1,49.5,81.6,99.60426,99.6,61.1,49,,,
1979M11,,,,,63.3,52,80.9,99.44087,102.9,63.6,48,,,
1979M12,,,,,61,51.5,75.8,99.28284,91.1,59.8,44.8,,,
1980M01,,,,,67,54.1,87.1,99.13677,85.9,57.1,46.2,,,
1980M02,,,,,66.9,54.9,85.5,98.90758,78.4,55,50.2,,,
1980M03,,,,,56.5,44.3,75.3,98.58131,88.1,62.3,43.6,,,
1980M04,,,,,52.7,44.4,65.8,98.3634,93.1,64.4,37.4,,,
1980M05,,,,,51.7,45.3,61.7,98.3401,96.3,72.8,29.4,,,
1980M06,,,,,58.7,53,67.4,98.49589,94,66.6,30.3,,,
1980M07,,,,,62.3,53.4,76.1,98.74045,94.1,67.7,35,,,
1980M08,,,,,67.3,59.6,79.4,99.04061,96.5,69.6,45.5,,,
1980M09,,,,,73.7,67.9,82.7,99.27702,86.6,64.2,50.1,,,
1980M10,,,,,75,69.6,83.4,99.34093,84.7,62,55.5,,,
1980M11,,,,,76.7,76.9,76.4,99.20462,77,51.8,58.2,,,
1980M12,,,,,64.5,60.4,70.9,98.95484,82.8,42.3,53,,,
1981M01,,,,,71.4,67.9,76.7,98.81942,82.5,38.6,49.2,,,
1981M02,,,,,66.9,62.1,74.4,98.68133,78.2,38.5,48.8,,,
1981M03,,,,,66.5,62.1,73.5,98.63217,72.4,33.2,49.6,,,
1981M04,,,,,72.4,68.8,78.1,98.71967,77.6,26.2,51.6,,,
1981M05,,,,,76.3,73.6,80.4,98.82475,83.2,28.6,53.5,,,
1981M06,,,,,73.1,71.2,76.1,98.81002,80.1,21.7,50.7,,,
1981M07,,,,,74.1,67.1,84.9,98.76527,89.2,24.1,46.7,,,
1981M08,,,,,77.2,70.8,87.1,98.70446,80.2,21.9,48.3,,,
1981M09,,,,,73.1,69,79.5,98.59273,86.1,16.2,42.5,,,
1981M10,,,,,70.3,62.2,82.8,98.44037,78.6,17.8,40,,,
1981M11,,,,,62.5,56.3,72.1,98.33657,84.7,16.6,36.1,,,
1981M12,,,,,64.3,56.8,75.9,98.40742,88.6,15.8,37.8,,,
1982M01,,,,,71,62.9,83.5,98.58393,87.7,16,38.2,,,
1982M02,,,,,66.5,58.7,78.6,98.64608,101.1,17.5,38.3,,,
1982M03,,,,,62,53.1,75.9,98.68893,116.5,23.7,36.8,,,
1982M04,,,,,65.5,61.1,72.3,98.79148,119.7,28.3,37.8,,,
1982M05,,,,,67.5,62,76.1,98.83595,124.3,33,35.5,,,
1982M06,,,,,65.7,60.1,74.3,98.76591,121,37.4,38.3,,,
1982M07,,,,,65.4,57.6,77.5,98.63333,119.2,43.7,38.4,,,
1982M08,,,,,65.4,60.9,72.5,98.56644,119.3,49.2,38.3,,,
1982M09,,,,,69.3,66.9,72.9,98.58859,117.3,51.7,38.8,,,
1982M10,,,,,73.4,70.4,78.1,98.66029,117.6,53.9,39.4,,,
1982M11,,,,,72.1,71,73.8,98.71888,119.5,62.4,39.2,,,
1982M12,,,,,71.9,67.9,78.1,98.80299,123.2,74.2,42.8,,,
1983M01,,,,,70.4,65.2,78.4,99.0044,122.4,76,46,,,
1983M02,,,,,74.6,71.2,79.9,99.36777,114.7,80.5,54.4,,,
1983M03,,,,,80.8,80.9,80.5,99.82929,113.1,83,53.9,,,
1983M04,,,,,89.1,86.9,92.7,100.2069,119.1,86.5,54.2,,,
1983M05,,,,,93.3,93.4,93.1,100.405,114.7,89.9,56.1,,,
1983M06,,,,,92.2,89.2,96.9,100.4597,110.6,98.5,57.5,,,
1983M07,,,,,92.8,90.5,96.5,100.458,104.2,94.6,63.6,,,
1983M08,,,,,90.9,88.2,95.1,100.4271,105.1,100.1,63.1,,,
1983M09,,,,,89.9,85.8,96.4,100.3988,101.4,97.9,62.5,,,
1983M10,,,,,89.3,86.1,94.3,100.4391,102,94.7,64.4,,,
1983M11,,,,,91.1,87.9,96.1,100.5985,107.4,102.6,66,,,
1983M12,,,,,94.2,91,99.3,100.8216,98.7,94.5,69.9,,,
1984M01,,,,,100.1,97,104.9,101.0013,102.5,101.2,60.5,,,
1984M02,,,,,97.4,93.2,103.9,101.0291,103.9,102,61.3,,,
1984M03,,,,,101,97.7,106,100.9723,95.9,96.5,58.9,,,
1984M04,,,,,96.1,91.4,103.5,100.8474,105.1,103.5,61,,,
1984M05,,,,,98.1,90.6,109.8,100.7536,99.6,99.6,58.6,,,
1984M06,,,,,95.5,89.8,104.4,100.7072,102.7,102.5,58.1,,,
1984M07,,,,,96.6,91.9,103.9,100.7652,102.5,104.2,56.1,,,
1984M08,,,,,99.1,93.7,107.5,100.8684,102.1,99,53,,,
1984M09,,,,,100.9,96.4,107.8,100.9357,96.3,95.6,50,,,
1984M10,,,,,96.3,91.6,103.6,100.9105,94.5,98.5,50.8,,,
1984M11,,,,,95.7,91.5,102.4,100.8959,96.8,100.1,50.3,,,
1984M12,,,,,92.9,87.9,100.6,100.9181,98.2,98.1,50.6,,,
1985M01,,,,,96,90.3,104.9,100.9803,96.3,97.8,50.3,,,
1985M02,,,,,93.7,86.5,105.1,100.9596,94.4,98.4,49.9,,,
1985M03,,,,,93.7,87.3,103.7,100.9168,95.5,94.5,47.8,,,
1985M04,,,,,94.6,87,106.6,100.8879,99,101.6,48.2,,,
1985M05,,,,,91.8,84.2,103.7,100.8615,99.4,101.3,47.1,,,
1985M06,,,,,96.5,91.1,104.9,100.8732,99.7,100.4,47.8,,,
1985M07,,,,,94,87.4,104.3,100.8647,96.4,99.3,47.9,,,
1985M08,,,,,92.4,86.3,101.8,100.8613,92,91.4,47.7,,,
1985M09,,,,,92.1,84.2,104.3,100.8975,89.4,90.3,49.9,,,
1985M10,,,,,88.4,80.8,100.3,100.974,86.1,85.4,50.9,,,
1985M11,,,,,90.9,84.5,100.7,101.0814,92,86.2,52,,,
1985M12,,,,,93.9,88.1,103.1,101.2155,92.2,94.7,50.7,,,
1986M01,,,,,95.6,85.3,111.8,101.3391,85.6,85,51.2,,,
1986M02,,,,,95.9,87.8,108.4,101.3976,91.8,91.9,51,,,
1986M03,,,,,95.1,86.9,107.9,101.4098,96.8,94.2,51,,,
1986M04,,,,,96.2,88.5,108.1,101.4025,100.5,92.8,49.7,,,
1986M05,,,,,94.8,87.5,106.2,101.3888,105.6,99.1,53.4,,,
1986M06,,,,,99.3,90.3,113.3,101.3936,98.2,107.9,50.5,,,
1986M07,,,,,97.7,88.5,112.1,101.3543,105.6,106.2,48,,,
1986M08,,,,,94.9,85.9,108.9,101.2922,107.5,115.6,52.6,,,
1986M09,,,,,91.9,81.3,108.3,101.2422,112.5,120.5,52.4,,,
1986M10,,,,,95.6,87.1,108.9,101.2249,108.9,124.4,51.2,,,
1986M11,,,,,91.4,81.6,106.7,101.1472,90.9,115.6,51.2,,,
1986M12,,,,,89.1,78.3,105.8,101.0686,99.6,119.8,50.5,,,
1987M01,,,,,90.4,80.9,105.1,101.0536,102.2,121.5,54.9,,,
1987M02,,,,,90.2,81.6,103.7,101.0872,105.5,129.1,52.6,,,
1987M03,,,,,90.8,83.3,102.5,101.1447,104.9,124.5,55,,,
1987M04,,,,,92.8,84.7,105.5,101.2076,112.8,120.2,55.5,,,
1987M05,,,,,91.1,80.6,107.4,101.2424,114.4,129,57.2,,,
1987M06,,,,,91.5,80.8,108.1,101.2966,108.6,126.3,57.4,,,
1987M07,,,,,93.7,83.3,109.9,101.3684,103.7,128.2,57.5,,,
1987M08,,,,,94.4,85.8,107.8,101.4049,109.4,135.1,59.3,,,
1987M09,,,,,93.6,84.2,108.3,101.37,100.1,126.7,60,,,
1987M10,,,,,89.3,80.4,103.1,101.2439,109.3,128.3,60.7,,,
1987M11,,,,,83.1,72.7,99.3,101.1228,102,129.1,58.8,,,
1987M12,,,,,86.8,76.7,102.7,101.1677,105.6,140.1,61,,,
1988M01,,,,,90.8,80.9,106.2,101.3044,104.1,133.4,57.5,,,
1988M02,,,,,91.6,81.9,106.6,101.4295,108.3,139.2,56.2,,,
1988M03,,,,,94.6,85.2,109.1,101.5172,104.9,136.2,54.6,,,
1988M04,,,,,91.2,82.4,104.8,101.5505,101.8,138.9,55.8,,,
1988M05,,,,,94.8,87.3,106.5,101.5879,103,137.2,55.5,,,
1988M06,,,,,94.7,85.7,108.6,101.62,105.1,135.5,59.3,,,
1988M07,,,,,93.4,82.3,110.7,101.671,106.6,141.1,58.2,,,
1988M08,,,,,97.4,88.8,110.8,101.7642,103.7,133,56,,,
1988M09,,,,,97.3,89.5,109.4,101.8137,106.1,131.7,54.5,,,
1988M10,,,,,94.1,87,105,101.7982,106.4,133,55.4,,,
1988M11,,,,,93,86.3,103.3,101.7584,103.7,132.3,55.6,,,
1988M12,,,,,91.9,85.5,102,101.7151,104.4,125.9,56,,,
1989M01,,,,,97.9,89.9,110.3,101.6885,97,120.7,54.7,,,
1989M02,,,,,95.4,88.8,105.7,101.5704,93.7,126.3,54.1,,,
1989M03,,,,,94.3,87.6,104.8,101.3917,101.9,123.7,51.5,,,
1989M04,,,,,91.5,83.2,104.4,101.2244,99.2,119.4,52.2,,,
1989M05,,,,,90.7,80.1,107.1,101.1373,100.3,117.8,49.3,,,
1989M06,,,,,90.6,82,104.1,101.1434,96.6,111.1,47.3,,,
1989M07,,,,,92,85.5,102.1,101.2229,91.8,116.6,45.9,,,
1989M08,,,,,89.6,80.3,103.9,101.325,74.2,100.4,45.1,,,
1989M09,,,,,95.8,88.6,107.1,101.4413,77.7,97.5,46,,,
1989M10,,,,,93.9,87.2,104.4,101.4411,55.6,73.2,46.8,,,
1989M11,,,,,90.9,84.3,101.2,101.3904,56.1,70.3,46.8,,,
1989M12,,,,,90.5,85.5,98.2,101.3628,59.8,63.3,47.4,,,
1990M01,,,,,93,83.4,108,101.34,55.3,54.7,47.2,,,
1990M02,,,,,89.5,81.3,102.3,101.2696,63.6,53.1,49.1,,,
1990M03,,,,,91.3,81.3,106.9,101.2074,100.7,51.7,49.9,,,
1990M04,,,,,93.9,83.9,109.4,101.1713,99.7,48.9,50,,,
1990M05,,,,,90.6,79.3,108.1,101.083,95.5,47.8,49.5,,,
1990M06,,,,,88.3,76.6,106.5,100.9535,100.9,43.7,49.2,,,
1990M07,,,,,88.2,77.3,105.1,100.7202,100.3,43.8,46.6,,,
1990M08,,,,,76.4,62.9,97.5,100.2976,96.8,45.1,46.1,,,
1990M09,,,,,72.8,58.8,94.7,99.83145,95.4,39.1,44.5,,,
1990M10,,,,,63.9,50.9,84.2,99.52485,79.5,31,43.2,,,
1990M11,,,,,66,52.8,86.7,99.45222,69.7,27.1,41.3,,,
1990M12,,,,,65.5,53.7,84,99.49835,72.6,22.5,40.8,,,
1991M01,,,,,66.8,55.2,84.9,99.59976,68.7,22.6,39.2,,,
1991M02,,,,,70.4,62,83.7,99.87739,63.5,23,39.4,,,
1991M03,,,,,87.7,84.5,92.7,100.2772,76.7,26.2,40.7,,,
1991M04,,,,,81.8,74.7,92.8,100.4217,89.7,28,42.8,,,
1991M05,,,,,78.3,71.5,89,100.4165,96.9,34.4,44.5,,,
1991M06,,,,,82.1,75.9,91.9,100.374,95.9,37.7,50.3,,,
1991M07,,,,,82.9,74.4,96.1,100.3071,80.1,32.7,50.6,,,
1991M08,,,,,82,75.3,92.3,100.254,78.3,30.1,52.9,,,
1991M09,,,,,83,76.4,93.2,100.188,74.2,32,54.9,,,
1991M10,,,,,78.3,70.5,90.4,99.98758,70.7,30.5,53.1,,,
1991M11,,,,,69.1,61.9,80.3,99.70659,85.7,35.5,49.5,,,
1991M12,,,,,68.2,61.5,78.7,99.50092,103.9,39.3,46.8,,,
1992M01,,,,,67.5,59.1,80.5,99.43856,98,44.8,47.3,,,
1992M02,,,,,68.8,61.8,79.7,99.54187,84.7,44.1,52.7,,,
1992M03,,,,,76,70.3,84.9,99.71881,77.3,42.1,54.6,,,
1992M04,,,,,77.2,70.5,87.7,99.82478,81.1,47.2,52.6,,,
1992M05,,,,,79.2,71.2,91.5,99.83617,73.1,45,55.7,,,
1992M06,,,,,80.4,70.7,95.4,99.73687,69.6,42,53.6,,,
1992M07,,,,,76.6,67.6,90.6,99.53381,66.8,47.8,53.9,,,
1992M08,,,,,76.1,69.5,86.2,99.3017,66.8,48.1,53.4,,,
1992M09,,,,,75.6,67.4,88.3,99.10916,72.8,50.2,49.7,,,
1992M10,,,,,73.3,67.5,82.5,99.05,66.7,51.2,50.3,,,
1992M11,,,,,85.3,78.2,96.4,99.18785,80.3,59.2,53.6,,,
1992M12,,,,,91,89.5,93.4,99.3455,91.8,61.8,54.2,,,
1993M01,,,,,89.3,83.4,98.6,99.41757,92.6,67.6,55.8,,,
1993M02,,,,,86.6,80.6,96,99.41762,84.4,73.1,55.2,,,
1993M03,,,,,85.9,75.8,101.6,99.41168,92.6,77.9,53.5,,,
1993M04,,,,,85.6,76.4,99.9,99.38927,95.4,87.1,50.2,,,
1993M05,,,,,80.3,68.5,98.7,99.2702,93.6,81.9,51.2,,,
1993M06,,,,,81.5,70.4,98.7,99.10087,94.6,89.4,49.6,,,
1993M07,,,,,77,64.7,96.2,98.96227,91.9,90.5,50.2,,,
1993M08,,,,,77.3,65.8,95.1,98.90633,89.4,91.7,50.7,,,
1993M09,,,,,77.9,66.8,95.2,98.92965,89.5,89.5,50.8,,,
1993M10,,,,,82.7,72.5,98.7,99.03062,87.9,90.9,53.4,,,
1993M11,,,,,81.2,70.3,98.2,99.21921,97.5,104.8,53.8,,,
1993M12,,,,,88.2,78.8,102.9,99.54913,98.1,111.4,55.6,,,
1994M01,,,,,94.3,86.4,106.6,99.89032,94.8,111.3,56,,,
1994M02,,,,,93.2,83.5,108.3,100.1229,90.8,112.2,56.5,,,
1994M03,,,,,91.5,85.1,101.4,100.2783,90.1,115.3,56.9,,,
1994M04,,,,,92.6,82.6,108.1,100.4396,97,116.2,57.4,,,
1994M05,,,,,92.8,84.2,106.3,100.6003,93.1,115.4,58.2,,,
1994M06,,,,,91.2,82.7,104.5,100.7306,84.5,109.7,58.8,,,
1994M07,,,,,89,78.5,105.4,100.828,89.1,119.9,58.5,,,
1994M08,,,,,91.7,80.8,108.7,100.9354,94.7,113.9,58,,,
1994M09,,,,,91.5,83.5,104,101.0118,88.8,110,59,,,
1994M10,,,,,92.7,85.1,104.6,101.0367,89.9,105.9,59.4,,,
1994M11,,,,,91.6,84.8,102.1,101.0185,92.5,115.3,59.2,,,
1994M12,,,,,95.1,88.8,104.9,100.989,92.3,109.5,56.1,,,
1995M01,,,,,97.6,88.4,112,100.9329,79.9,101.1,57.4,,,
1995M02,,,,,95.1,85.9,109.3,100.7975,89.5,110.8,55.1,,,
1995M03,,,,,90.3,79.8,106.5,100.6524,90.7,110,52.1,,,
1995M04,,,,,92.5,83.8,105.9,100.6055,95.9,118.2,51.5,,,
1995M05,,,,,89.8,80.1,105,100.6249,92.4,120.2,46.7,,,
1995M06,,,,,92.7,84.1,106.1,100.721,90.3,114.7,45.9,,,
1995M07,,,,,94.4,87.4,105.2,100.7909,95,125,50.7,,,
1995M08,,,,,96.2,86.1,111.8,100.7659,100.3,129.5,47.1,,,
1995M09,,,,,88.9,78.8,104.6,100.6237,100.7,128.5,48.1,,,
1995M10,,,,,90.2,80.8,104.8,100.4996,95.7,124.6,46.7,,,
1995M11,,,,,88.2,79.7,101.3,100.4188,93.5,133.4,45.9,,,
1995M12,,,,,91,83.7,102.4,100.3986,99.9,135.7,46.2,,,
1996M01,,,,,89.3,78.7,105.8,100.4056,103.8,141.2,45.5,,,
1996M02,,,,,88.5,77.8,105.2,100.4473,101.9,144.3,45.9,,,
1996M03,,,,,93.70000,86.20000,105.40000,100.53370,101.10000,144.80000,46.90000,,,
1996M04,,,,,92.70000,83.00000,107.80000,100.55880,103.20000,141.60000,49.30000,,,
1996M05,,,,,89.40000,79.20000,105.10000,100.54740,111.40000,152.60000,49.10000,,,
1996M06,,,,,92.40000,84.00000,105.40000,100.56870,111.70000,157.10000,53.60000,,,
1996M07,,,,,94.70000,86.50000,107.50000,100.60640,107.60000,154.50000,49.70000,,,
1996M08,,,,,95.30000,87.30000,107.80000,100.64920,108.70000,156.10000,51.60000,,,
1996M09,,,,,94.70000,90.10000,102.00000,100.67110,111.90000,157.60000,51.10000,,,
1996M10,,,,,96.50000,89.90000,106.60000,100.68150,107.30000,147.50000,50.50000,,,
1996M11,,,,,99.20000,93.90000,107.50000,100.67110,108.90000,156.80000,53.00000,,,
1996M12,,,,,96.90000,91.80000,104.90000,100.64560,118.30000,163.10000,55.20000,,,
1997M01,,,,,97.40000,91.30000,106.80000,100.67630,107.70000,159.30000,53.80000,,,
1997M02,,,,,99.70000,94.90000,107.20000,100.76470,114.50000,171.80000,53.10000,,,
1997M03,,,,,100.00000,93.60000,109.80000,100.88620,107.90000,172.70000,53.80000,,,
1997M04,,,,,101.40000,92.50000,115.20000,101.04200,115.80000,169.30000,53.70000,,,
1997M05,,,,,103.20000,96.60000,113.50000,101.22300,113.30000,170.90000,56.10000,,,
1997M06,,,,,104.50000,98.90000,113.20000,101.39020,116.20000,171.30000,54.90000,,,
1997M07,,,,,107.10000,102.60000,114.00000,101.49960,113.40000,172.90000,57.70000,56.70000,,
1997M08,,,,,104.40000,100.30000,110.70000,101.52240,106.80000,172.60000,56.30000,62.00000,,
1997M09,,,,,106.00000,100.70000,114.10000,101.50500,96.80000,170.70000,53.90000,56.20000,,
1997M10,,,,,105.60000,102.80000,109.80000,101.44730,88.70000,165.20000,56.40000,56.60000,,
1997M11,,,,,107.20000,102.30000,114.90000,101.39670,99.50000,166.70000,55.70000,58.50000,,
1997M12,,,,,102.10000,96.10000,111.40000,101.35770,98.70000,168.60000,54.50000,55.50000,,
1998M01,,,,,106.60000,102.20000,113.50000,101.41580,99.60000,172.90000,53.80000,57.00000,,
1998M02,,,,,110.40000,104.20000,120.00000,101.50250,103.40000,177.70000,52.90000,56.20000,,
1998M03,,,,,106.50000,101.90000,113.70000,101.53970,105.50000,176.60000,52.90000,54.70000,,
1998M04,,,,,108.70000,104.30000,115.50000,101.54770,108.80000,175.50000,52.20000,54.90000,,
1998M05,,,,,106.50000,101.70000,113.90000,101.51110,111.30000,177.20000,50.90000,56.20000,,
1998M06,,,,,105.60000,99.30000,115.40000,101.44600,114.90000,175.00000,48.90000,55.10000,,
1998M07,,,,,105.20000,100.00000,113.30000,101.39050,107.60000,179.20000,49.20000,55.80000,,
1998M08,,,,,104.40000,98.30000,113.90000,101.31840,109.20000,176.30000,49.30000,53.50000,,
1998M09,,,,,100.90000,93.90000,111.70000,101.25720,106.20000,176.30000,48.70000,55.00000,,
1998M10,,,,,97.40000,87.50000,112.80000,101.26190,101.50000,173.90000,48.70000,53.80000,,
1998M11,,,,,102.70000,94.30000,115.90000,101.37190,110.40000,176.80000,48.20000,52.60000,,
1998M12,,,,,100.50000,91.90000,113.90000,101.48940,115.00000,181.70000,46.80000,52.90000,,
1999M01,,,,,103.90000,95.70000,116.80000,101.64890,119.10000,183.10000,50.60000,55.60000,,
1999M02,,,,,108.10000,103.60000,115.00000,101.75090,114.60000,180.10000,51.70000,54.40000,,
1999M03,,,,,105.70000,99.00000,116.30000,101.74050,106.80000,182.50000,52.40000,55.30000,,
1999M04,,,,,104.60000,97.40000,115.90000,101.71100,109.70000,179.80000,52.30000,55.50000,,
1999M05,,,,,106.80000,97.60000,121.10000,101.73160,118.70000,183.60000,54.30000,55.30000,,
1999M06,,,,,107.30000,99.80000,118.90000,101.78040,111.90000,180.10000,55.80000,56.70000,,
1999M07,,,,,106.00000,99.20000,116.50000,101.81970,113.70000,186.80000,53.60000,56.20000,,
1999M08,,,,,104.50000,98.40000,114.10000,101.86380,113.90000,181.30000,54.80000,56.40000,,
1999M09,,,,,107.20000,101.50000,115.90000,101.93420,115.90000,182.50000,57.00000,56.20000,,
1999M10,,,,,103.20000,97.10000,112.70000,102.01300,108.40000,176.80000,57.20000,57.60000,,
1999M11,,,,,107.20000,101.00000,116.80000,102.11820,101.20000,179.70000,58.10000,54.90000,,
1999M12,,,,,105.40000,101.10000,112.20000,102.22570,96.90000,176.10000,57.80000,56.90000,,
2000M01,,,,,112.00000,108.60000,117.30000,102.34450,79.30000,170.40000,56.70000,56.60000,,
2000M02,,,,,111.30000,107.80000,116.80000,102.35780,70.70000,167.10000,55.80000,56.20000,,
2000M03,,,,,107.10000,101.70000,115.40000,102.31150,83.10000,167.50000,54.90000,57.40000,,
2000M04,,,,,109.20000,103.70000,117.80000,102.29460,79.10000,156.00000,54.70000,58.00000,,
2000M05,,,,,110.70000,104.80000,119.90000,102.28490,87.10000,159.60000,53.20000,57.70000,,
2000M06,,,,,106.40000,100.80000,115.10000,102.24850,93.50000,156.80000,51.40000,56.90000,,
2000M07,,,,,108.30000,104.50000,114.20000,102.23890,92.90000,151.30000,52.50000,55.30000,,
2000M08,,,,,107.30000,104.00000,112.40000,102.17420,93.70000,144.50000,49.90000,57.60000,,
2000M09,,,,,106.80000,103.40000,112.00000,102.03820,78.10000,125.40000,49.70000,56.70000,,
2000M10,,,,,105.80000,100.70000,113.60000,101.93880,70.70000,107.20000,48.70000,56.70000,,
2000M11,,,,,107.60000,101.60000,116.90000,101.80660,77.30000,96.20000,48.50000,56.20000,,
2000M12,,,,,98.40000,90.70000,110.50000,101.58630,92.40000,97.80000,43.90000,54.00000,,
2001M01,,,,,94.70000,86.40000,107.70000,101.36990,97.60000,98.10000,42.30000,51.60000,,
2001M02,,,,,90.60000,80.80000,105.80000,101.19170,94.00000,96.40000,42.10000,51.30000,,
2001M03,,,,,91.50000,83.90000,103.40000,101.08830,110.20000,111.50000,43.10000,50.70000,,
2001M04,,,,,88.40000,82.20000,98.00000,101.01600,109.60000,106.80000,42.70000,48.30000,,
2001M05,,,,,92.00000,85.40000,102.20000,100.96710,109.70000,111.20000,41.30000,49.00000,,
2001M06,,,,,92.60000,86.90000,101.60000,100.92040,107.20000,104.90000,43.20000,50.10000,,
2001M07,,,,,92.40000,88.40000,98.60000,100.81820,96.10000,99.40000,43.50000,48.10000,,
2001M08,,,,,91.50000,85.20000,101.20000,100.61010,95.50000,93.10000,46.30000,46.90000,,
2001M09,,,,,81.80000,73.50000,94.60000,100.34090,97.20000,88.50000,46.20000,49.50000,,
2001M10,,,,,82.70000,75.50000,94.00000,100.21570,81.10000,77.20000,40.80000,44.80000,,
2001M11,,,,,83.90000,76.60000,95.30000,100.28230,89.30000,78.30000,44.10000,48.20000,,
2001M12,,,,,88.80000,82.30000,99.00000,100.48230,88.10000,69.60000,45.30000,49.70000,,
2002M01,,,,,93.00000,91.30000,95.70000,100.66970,81.10000,75.30000,47.50000,48.80000,,
2002M02,,,,,90.70000,87.20000,96.20000,100.80940,65.70000,63.50000,50.70000,52.70000,,
2002M03,,,,,95.70000,92.70000,100.40000,100.92650,61.40000,61.40000,52.40000,52.80000,,
2002M04,,,,,93.00000,89.10000,99.20000,100.95700,84.80000,75.20000,52.40000,53.50000,,
2002M05,,,,,96.90000,92.70000,103.50000,100.94410,94.50000,67.30000,53.10000,54.80000,,
2002M06,,,,,92.40000,87.90000,99.50000,100.82160,96.40000,64.20000,53.60000,52.50000,,
2002M07,,,,,88.10000,81.00000,99.30000,100.65320,86.30000,63.00000,50.20000,50.40000,,
2002M08,,,,,87.60000,80.60000,98.50000,100.49090,94.90000,62.00000,50.30000,50.90000,,
2002M09,,,,,86.10000,79.90000,95.80000,100.33670,88.50000,59.70000,50.50000,52.30000,,
2002M10,,,,,80.60000,73.10000,92.40000,100.16770,91.50000,67.00000,49.00000,51.40000,,
2002M11,,,,,84.20000,78.50000,93.10000,100.05120,100.10000,81.00000,48.50000,52.90000,,
2002M12,,,,,86.70000,80.80000,96.00000,99.90701,107.40000,76.00000,51.60000,52.30000,,
2003M01,,,,,82.40000,72.80000,97.20000,99.70457,105.30000,86.10000,51.30000,53.30000,,
2003M02,,,,,79.90000,69.90000,95.40000,99.53120,91.90000,83.30000,48.80000,52.60000,,
2003M03,,,,,77.60000,69.60000,90.00000,99.52578,91.30000,84.40000,46.30000,49.10000,,
2003M04,,,,,86.00000,79.30000,96.40000,99.78223,94.80000,90.40000,46.10000,50.10000,,
2003M05,,,,,92.10000,91.40000,93.20000,100.06890,94.80000,90.50000,49.00000,52.80000,,
2003M06,,,,,89.70000,86.40000,94.70000,100.24150,100.80000,105.90000,49.00000,54.30000,,
2003M07,,,,,90.90000,83.70000,102.10000,100.31050,105.30000,106.40000,51.00000,57.30000,,
2003M08,,,,,89.30000,82.50000,99.70000,100.30120,97.30000,100.70000,53.20000,59.10000,,
2003M09,,,,,87.70000,80.80000,98.40000,100.30810,97.70000,95.30000,52.40000,57.60000,,
2003M10,,,,,89.60000,83.00000,99.90000,100.38440,92.20000,94.00000,55.20000,58.70000,,
2003M11,,,,,93.70000,88.10000,102.50000,100.52800,90.20000,96.30000,58.40000,57.50000,,
2003M12,,,,,92.60000,89.80000,97.00000,100.68010,100.70000,105.70000,60.10000,56.80000,,
2004M01,,,,,103.80000,100.10000,109.50000,100.83620,100.40000,112.10000,60.80000,61.20000,,
2004M02,,,,,94.40000,88.50000,103.60000,100.82380,96.10000,116.80000,59.90000,58.00000,,
2004M03,,,,,95.80000,88.80000,106.80000,100.77490,93.70000,117.00000,60.60000,58.30000,,
2004M04,,,,,94.20000,87.30000,105.00000,100.72800,86.70000,113.80000,60.60000,59.60000,,
2004M05,,,,,90.20000,81.60000,103.60000,100.70140,93.40000,117.80000,61.40000,58.50000,,
2004M06,,,,,95.60000,88.50000,106.70000,100.74610,96.40000,120.80000,60.50000,58.60000,,
2004M07,,,,,96.70000,91.20000,105.20000,100.80750,93.20000,119.30000,59.90000,58.50000,,
2004M08,,,,,95.90000,88.20000,107.90000,100.80700,93.30000,123.80000,58.50000,57.30000,,
2004M09,,,,,94.20000,88.00000,103.70000,100.77540,72.30000,110.40000,57.40000,57.90000,,
2004M10,,,,,91.70000,83.80000,104.00000,100.77410,70.10000,107.80000,56.30000,58.80000,,
2004M11,,,,,92.80000,85.20000,104.70000,100.82720,88.40000,113.20000,56.20000,58.40000,,
2004M12,,,,,97.10000,90.90000,106.70000,100.92360,92.60000,120.70000,57.20000,59.60000,,
2005M01,,,,,95.50000,85.70000,110.90000,101.00080,92.10000,128.80000,56.80000,58.00000,,
2005M02,,,,,94.10000,84.40000,109.20000,100.97780,84.20000,130.30000,55.50000,59.40000,,
2005M03,,,,,92.60000,82.80000,108.00000,100.84080,90.30000,133.30000,55.20000,58.00000,,
2005M04,,,,,87.70000,77.00000,104.40000,100.69200,92.30000,136.20000,52.20000,55.60000,,
2005M05,,,,,86.90000,75.30000,104.90000,100.63690,85.10000,134.10000,50.80000,55.30000,,
2005M06,,,,,96.00000,85.00000,113.20000,100.68190,87.50000,132.20000,52.40000,58.10000,,
2005M07,,,,,96.50000,85.50000,113.50000,100.64290,88.90000,134.20000,52.80000,59.50000,,
2005M08,,,,,89.10000,76.90000,108.20000,100.42400,84.40000,123.90000,52.40000,61.30000,,
2005M09,,,,,76.90000,63.30000,98.10000,100.15590,91.00000,128.30000,56.80000,55.70000,,
2005M10,,,,,74.20000,63.20000,91.20000,100.12740,91.90000,125.10000,57.20000,57.40000,,
2005M11,,,,,81.60000,69.60000,100.20000,100.36370,91.90000,125.40000,56.70000,59.10000,,
2005M12,,,,,91.50000,80.20000,109.10000,100.70010,96.30000,130.50000,55.10000,59.00000,,
2006M01,,,,,91.20000,78.90000,110.30000,100.93250,94.40000,133.90000,55.00000,56.30000,,
2006M02,,,,,86.70000,74.50000,105.60000,100.97990,93.80000,137.10000,55.80000,57.60000,,
2006M03,,,,,88.90000,76.00000,109.10000,100.94020,87.90000,138.50000,54.30000,56.90000,,
2006M04,,,,,87.40000,73.40000,109.20000,100.83000,88.20000,133.50000,55.20000,58.40000,,
2006M05,,,,,79.10000,68.20000,96.10000,100.65030,90.10000,136.10000,53.70000,57.00000,,
2006M06,,,,,84.90000,72.00000,105.00000,100.55500,88.80000,129.90000,52.00000,55.20000,,
2006M07,,,,,84.70000,72.50000,103.50000,100.53070,94.40000,138.30000,53.00000,55.60000,,
2006M08,,,,,82.00000,68.00000,103.80000,100.55900,89.20000,130.10000,53.70000,53.90000,,
2006M09,,,,,85.40000,78.20000,96.60000,100.70480,85.00000,121.20000,52.20000,54.50000,,
2006M10,,,,,93.60000,84.80000,107.30000,100.91820,80.00000,118.00000,51.40000,54.90000,,
2006M11,,,,,92.10000,83.20000,106.00000,101.04020,69.10000,115.70000,50.30000,54.50000,,
2006M12,,,,,91.70000,81.20000,108.10000,101.09870,75.80000,112.90000,51.40000,53.70000,,
2007M01,,,,,96.90000,87.60000,111.30000,101.10860,69.30000,114.30000,50.40000,55.40000,,
2007M02,,,,,91.30000,81.50000,106.70000,101.04340,58.00000,104.00000,54.10000,54.20000,,
2007M03,,,,,88.40000,78.70000,103.50000,100.96430,49.40000,90.60000,52.80000,52.10000,,
2007M04,,,,,87.10000,75.90000,104.60000,100.94110,50.00000,81.90000,52.70000,53.40000,,
2007M05,,,,,88.30000,77.60000,105.10000,100.95840,47.30000,74.20000,53.10000,54.30000,,
2007M06,,,,,85.30000,74.70000,101.90000,100.93310,41.40000,65.40000,54.00000,54.90000,,
2007M07,,,,,90.40000,81.50000,104.50000,100.88640,42.70000,65.80000,51.80000,53.60000,,
2007M08,,,,,83.40000,73.70000,98.40000,100.72240,54.10000,65.00000,52.20000,52.70000,,
2007M09,,,,,83.40000,74.10000,97.90000,100.51220,61.50000,61.10000,53.80000,52.60000,,
2007M10,,,,,80.90000,70.10000,97.60000,100.25900,35.70000,43.50000,52.80000,53.60000,,
2007M11,,,,,76.10000,66.20000,91.50000,99.97060,46.20000,42.30000,51.50000,52.80000,,
2007M12,,,,,75.50000,65.60000,91.00000,99.74594,44.20000,30.20000,50.10000,52.50000,,
2008M01,,,,,78.40000,68.10000,94.40000,99.51384,42.50000,29.70000,50.90000,44.80000,,
2008M02,,,,,70.80000,62.40000,83.80000,99.19123,27.30000,22.30000,48.80000,49.90000,,
2008M03,,,,,69.50000,60.10000,84.20000,98.80675,30.20000,21.90000,49.70000,49.40000,,
2008M04,,,,,62.60000,53.30000,77.00000,98.32884,51.00000,25.50000,48.50000,51.90000,,
2008M05,,,,,59.80000,51.10000,73.30000,97.85762,71.50000,29.70000,48.90000,51.50000,,
2008M06,,,,,56.40000,49.20000,67.60000,97.49364,65.50000,25.00000,49.90000,48.10000,,
2008M07,,,,,61.20000,53.50000,73.10000,97.38885,63.40000,23.30000,50.80000,50.10000,,
2008M08,,,,,63.00000,57.90000,71.00000,97.47665,73.80000,25.40000,50.10000,50.60000,,
2008M09,,,,,70.30000,67.20000,75.00000,97.47861,73.70000,23.00000,47.20000,49.40000,,
2008M10,,,,,57.60000,57.00000,58.40000,97.18391,67.00000,21.10000,38.20000,44.70000,,
2008M11,,,,,55.30000,53.90000,57.50000,96.91701,70.30000,21.20000,39.00000,37.80000,,
2008M12,,,,,60.10000,54.00000,69.50000,96.77016,75.90000,20.20000,34.50000,40.00000,,
2009M01,,,,,61.20000,57.80000,66.50000,96.70390,77.30000,25.20000,36.40000,43.00000,,
2009M02,,,,,56.30000,50.50000,65.50000,96.71537,62.90000,21.70000,36.60000,41.60000,,
2009M03,,,,,57.30000,53.50000,63.30000,96.96117,70.40000,25.20000,37.20000,40.10000,,
2009M04,,,,,65.10000,63.10000,68.30000,97.44707,77.40000,28.20000,39.90000,43.70000,,
2009M05,,,,,68.70000,69.40000,67.70000,97.93120,84.60000,29.80000,44.10000,44.40000,,
2009M06,,,,,70.80000,69.20000,73.20000,98.29217,72.70000,26.80000,46.30000,46.40000,,
2009M07,,,,,66.00000,63.20000,70.50000,98.52478,67.50000,26.40000,49.70000,47.10000,,
2009M08,,,,,65.70000,65.00000,66.60000,98.73898,72.00000,24.90000,53.40000,48.90000,,
2009M09,,,,,73.50000,73.50000,73.40000,98.96420,65.50000,23.30000,54.90000,50.10000,,
2009M10,,,,,70.60000,68.60000,73.70000,99.06335,67.50000,23.50000,57.60000,51.00000,,
2009M11,,,,,67.40000,66.50000,68.80000,99.09332,79.90000,24.70000,55.40000,49.50000,,
2009M12,,,,,72.50000,68.90000,78.00000,99.16170,86.50000,28.80000,55.80000,49.70000,,
2010M01,,,,,74.40000,70.10000,81.10000,99.23739,87.30000,31.10000,56.30000,50.00000,,
2010M02,,,,,73.60000,68.40000,81.80000,99.25607,97.50000,33.80000,55.50000,51.70000,,
2010M03,,,,,73.60000,67.90000,82.40000,99.26062,81.30000,37.50000,58.80000,53.30000,,
2010M04,,,,,72.20000,66.50000,81.00000,99.24883,83.20000,40.20000,58.10000,55.30000,,
2010M05,,,,,73.60000,68.80000,81.00000,99.20448,76.70000,39.30000,57.40000,55.50000,,
2010M06,,,,,76.00000,69.80000,85.60000,99.15626,71.60000,36.60000,56.50000,54.40000,,
2010M07,,,,,67.80000,62.30000,76.50000,99.10433,74.90000,35.70000,56.10000,54.60000,,
2010M08,,,,,68.90000,62.90000,78.30000,99.12060,52.40000,34.30000,56.40000,52.40000,,
2010M09,,,,,68.20000,60.90000,79.60000,99.14477,55.10000,33.30000,55.30000,53.30000,,
2010M10,,,,,67.70000,61.90000,76.60000,99.18876,50.00000,27.10000,56.90000,55.30000,,
2010M11,,,,,71.60000,64.80000,82.10000,99.27261,66.40000,38.30000,57.30000,56.40000,,
2010M12,,,,,74.50000,67.50000,85.30000,99.30904,77.00000,46.50000,56.60000,56.90000,,
2011M01,,,,,74.20000,69.30000,81.80000,99.27017,76.70000,38.80000,59.10000,57.60000,,
2011M02,,,,,77.50000,71.60000,86.90000,99.15990,88.40000,46.40000,59.20000,58.00000,,
2011M03,,,,,67.50000,57.90000,82.50000,98.92869,82.50000,49.90000,58.40000,55.80000,,
2011M04,,,,,69.80000,61.60000,82.50000,98.79563,80.40000,51.20000,57.90000,55.20000,,
2011M05,,,,,74.30000,69.50000,81.90000,98.78740,77.30000,44.90000,54.80000,55.00000,,
2011M06,,,,,71.50000,64.70000,82.00000,98.69659,73.40000,46.60000,55.80000,54.20000,,
2011M07,,,,,63.70000,55.90000,75.70000,98.44305,78.40000,45.90000,52.90000,53.50000,,
2011M08,,,,,55.80000,47.60000,68.50000,98.13927,71.10000,46.50000,52.60000,53.50000,,
2011M09,,,,,59.50000,49.40000,75.20000,98.01848,81.50000,48.70000,53.70000,52.30000,,
2011M10,,,,,60.80000,51.70000,74.90000,98.03896,84.00000,56.70000,51.40000,52.80000,,
2011M11,,,,,63.70000,54.90000,77.40000,98.18469,80.90000,57.40000,51.80000,52.90000,,
2011M12,,,,,69.90000,63.60000,79.60000,98.37943,68.10000,64.60000,53.00000,52.60000,,
2012M01,,,,,75.00000,69.10000,84.20000,98.59568,59.90000,56.20000,54.20000,57.30000,,
2012M02,,,,,75.30000,70.30000,83.00000,98.75391,72.40000,61.40000,53.30000,55.90000,,
2012M03,,,,,76.20000,69.80000,86.00000,98.83225,63.70000,59.20000,53.50000,55.60000,,
2012M04,,,,,76.40000,72.30000,82.90000,98.83693,74.30000,61.00000,55.20000,55.30000,,
2012M05,,,,,79.30000,74.30000,87.20000,98.80506,80.60000,64.80000,53.20000,55.10000,,
2012M06,,,,,73.20000,67.80000,81.50000,98.70222,91.10000,68.70000,49.50000,53.60000,,
2012M07,,,,,72.30000,65.60000,82.70000,98.63507,86.00000,73.60000,49.60000,52.10000,,
2012M08,,,,,74.30000,65.10000,88.70000,98.62212,89.00000,70.90000,49.00000,52.10000,,
2012M09,,,,,78.30000,73.50000,85.70000,98.66330,84.70000,73.50000,50.80000,53.80000,,
2012M10,,,,,82.60000,79.00000,88.10000,98.72830,72.20000,72.60000,50.50000,54.30000,,
2012M11,,,,,82.70000,77.70000,90.60000,98.73952,71.10000,73.50000,48.00000,53.90000,,
2012M12,,,,,72.90000,63.80000,87.00000,98.69035,79.00000,75.30000,50.10000,55.70000,,
2013M01,,,,,73.80000,66.60000,85.00000,98.76794,80.80000,77.30000,53.30000,55.90000,,
2013M02,,,,,77.60000,70.20000,89.00000,98.89589,76.50000,81.00000,54.20000,56.60000,,
2013M03,,,,,78.60000,70.80000,90.70000,99.01604,84.80000,82.50000,51.90000,55.90000,,
2013M04,,,,,76.40000,67.80000,89.90000,99.12910,83.90000,78.50000,51.00000,54.30000,,
2013M05,,,,,84.50000,75.80000,98.00000,99.28200,83.50000,80.30000,50.80000,54.80000,,
2013M06,,,,,84.10000,77.80000,93.80000,99.41510,86.40000,86.30000,51.10000,53.60000,,
2013M07,,,,,85.10000,76.50000,98.60000,99.51945,91.90000,87.90000,53.80000,55.20000,,
2013M08,,,,,82.10000,73.70000,95.20000,99.52956,93.10000,93.90000,54.00000,55.30000,,
2013M09,,,,,77.50000,67.80000,92.60000,99.47154,86.40000,93.00000,54.60000,53.60000,,
2013M10,,,,,73.20000,62.50000,89.90000,99.39301,93.80000,94.40000,54.60000,53.90000,,
2013M11,,,,,75.10000,66.80000,88.00000,99.41893,89.30000,93.70000,55.50000,53.10000,,
2013M12,,,,,82.50000,72.10000,98.60000,99.50521,88.50000,99.90000,56.50000,53.50000,,
2014M01,,,,,81.20000,71.20000,96.80000,99.56406,97.00000,113.90000,52.50000,55.20000,,
2014M02,,,,,81.60000,72.70000,95.40000,99.61658,90.00000,112.10000,55.00000,53.40000,,
2014M03,,,,,80.00000,70.00000,95.70000,99.71342,96.00000,109.50000,55.90000,54.90000,,
2014M04,,,,,84.10000,74.70000,98.70000,99.83037,87.10000,105.10000,56.60000,55.70000,,
2014M05,,,,,81.90000,73.70000,94.50000,99.88539,86.20000,107.10000,55.70000,56.00000,,
2014M06,,,,,82.50000,73.50000,96.60000,99.89548,92.80000,110.30000,55.00000,56.80000,,
2014M07,,,,,81.80000,71.80000,97.40000,99.86429,82.30000,104.00000,55.10000,56.90000,,
2014M08,,,,,82.50000,71.30000,99.80000,99.84016,91.60000,115.80000,56.30000,58.00000,,
2014M09,,,,,84.60000,75.40000,98.90000,99.85101,90.80000,120.30000,55.70000,57.30000,,
2014M10,,,,,86.90000,79.60000,98.30000,99.90665,88.70000,114.60000,56.20000,55.80000,,
2014M11,,,,,88.80000,79.90000,102.70000,100.01980,80.40000,110.90000,56.30000,58.20000,,
2014M12,,,,,93.60000,86.40000,104.80000,100.21940,83.00000,116.40000,55.70000,57.20000,,
2015M01,,,,,98.10000,91.00000,109.30000,100.43870,85.30000,116.60000,53.90000,56.20000,,
2015M02,,,,,95.40000,88.00000,106.90000,100.58230,79.90000,115.00000,53.00000,57.60000,,
2015M03,,,,,93.00000,85.30000,105.00000,100.64820,83.60000,114.90000,52.10000,58.40000,,
2015M04,,,,,95.90000,88.80000,107.00000,100.64960,79.70000,117.10000,51.90000,57.50000,,
2015M05,,,,,90.70000,84.20000,100.80000,100.57980,78.50000,113.20000,52.90000,56.70000,,
2015M06,,,,,96.10000,87.80000,108.90000,100.52250,84.60000,116.60000,52.50000,55.70000,,
2015M07,,,,,93.10000,84.10000,107.20000,100.40420,82.00000,118.80000,52.00000,60.10000,,
2015M08,,,,,91.90000,83.40000,105.10000,100.30600,86.10000,125.30000,50.20000,58.60000,,
2015M09,,,,,87.20000,78.20000,101.20000,100.27340,87.20000,127.90000,50.10000,56.10000,,
2015M10,,,,,90.00000,82.10000,102.30000,100.38340,86.00000,123.10000,49.10000,56.90000,,
2015M11,,,,,91.30000,82.90000,104.30000,100.52740,94.40000,132.00000,49.10000,56.10000,,
2015M12,,,,,92.60000,82.70000,108.10000,100.57670,106.40000,123.50000,48.70000,55.30000,,
2016M01,,,,,92.00000,82.70000,106.40000,100.50790,99.30000,130.00000,47.60000,53.80000,,
2016M02,,,,,91.70000,81.90000,106.80000,100.39660,103.90000,134.40000,49.20000,52.80000,,
2016M03,,,,,91.00000,81.50000,105.60000,100.33450,112.30000,143.90000,51.00000,55.40000,,
2016M04,,,,,89.00000,77.60000,106.70000,100.34200,105.40000,140.30000,51.30000,55.20000,,
2016M05,,,,,94.70000,84.90000,109.90000,100.39660,102.30000,140.60000,51.40000,54.10000,,
2016M06,,,,,93.50000,82.40000,110.80000,100.38390,99.60000,143.90000,52.20000,55.80000,,
2016M07,,,,,90.00000,77.80000,109.00000,100.30280,103.00000,145.40000,52.70000,56.20000,,
2016M08,,,,,89.80000,78.70000,107.00000,100.28650,101.70000,148.40000,49.80000,52.60000,,
2016M09,,,,,91.20000,82.70000,104.20000,100.32400,103.00000,146.90000,51.10000,55.40000,,
2016M10,,,,,87.20000,76.80000,103.20000,100.36490,109.00000,152.00000,51.80000,54.30000,,
2016M11,,,,,93.80000,85.20000,107.30000,100.44420,111.00000,154.90000,53.20000,56.40000,,
2016M12,,,,,98.20,89.50,111.90,100.51,100.80,156.50,54.40,55.80,,
2017M01,,,,,98.50,90.30,111.30,100.51,104.00,154.70,55.70,57.00,,
2017M02,,,,,96.30,86.50,111.50,100.54,109.20,161.20,57.70,56.60,,
2017M03,,,,,96.90,86.50,113.20,100.64,106.20,158.10,56.50,56.20,,
2017M04,,,,,97.00,87.00,112.70,100.76,104.30,157.50,55.80,57.20,,
2017M05,,,,,97.10,87.70,111.70,100.84,107.20,161.20,56.40,57.40,,
2017M06,,,,,95.00,83.80,112.40,100.86,104.00,161.70,56.20,56.80,,
2017M07,,,,,93.40,80.50,113.40,100.89,102.40,166.10,56.50,55.40,,
2017M08,,,,,96.80,87.70,110.90,100.95,109.30,172.80,58.40,55.80,,
2017M09,,,,,95.10,84.40,111.70,101.02,112.50,169.40,60.00,58.10,,
2017M10,,,,,100.70,90.50,116.50,101.11,115.10,171.90,58.60,60.40,,
2017M11,,,,,98.50,88.90,113.50,101.14,112.30,172.70,57.60,57.10,,
2017M12,,,,,95.90,84.30,113.80,101.13,97.70,169.90,59.70,56.30,,
2018M01,,,,,95.70,86.30,110.50,101.14,89.40,170.20,59.40,60.00,,
2018M02,,,,,99.70,90.00,114.90,101.16,103.80,172.80,60.90,58.50,,
2018M03,,,,,101.40,88.80,121.20,101.17,98.30,163.00,58.80,58.20,,
2018M04,,,,,98.80,88.40,114.90,101.16,102.70,169.00,58.60,57.60,,
2018M05,,,,,98.00,89.10,111.80,101.15,105.00,170.70,59.00,58.00,,
2018M06,,,,,98.20,86.30,116.50,101.16,97.60,164.30,59.90,58.50,,
2018M07,,,,,97.90,87.30,114.40,101.17,112.40,170.90,58.10,57.50,,
2018M08,,,,,96.20,87.10,110.30,101.11,106.40,176.00,60.50,59.50,,
2018M09,,,,,100.10,90.50,115.20,101.03,96.80,170.60,59.30,60.40,,
2018M10,,,,,98.60,89.30,113.10,100.92,94.50,173.50,58.10,60.80,,
2018M11,,,,,97.50,88.10,112.30,100.81,100.30,166.60,58.60,60.10,,
2018M12,,,,,98.30,87.00,116.10,100.73,100.00,170.50,54.90,58.10,,
2019M01,,,,,91.20,79.90,108.80,100.71,101.40,173.90,55.70,56.50,,
2019M02,,,,,93.80,84.40,108.50,100.78,108.10,169.30,54.40,59.10,,
2019M03,,,,,98.40,88.80,113.30,100.88,86.80,166.70,54.90,56.50,,
2019M04,,,,,97.20,87.40,112.30,100.90,94.30,73.00,53.60,55.30,,
2019M05,,,,,100.00,93.50,110.00,100.87,97.60,68.40,52.60,56.10,,
2019M06,,,,,98.20,89.30,111.90,100.77,106.10,86.70,51.50,55.20,,
2019M07,,,,,98.40,90.50,110.70,100.63,88.90,95.90,51.00,54.40,,
2019M08,,,,,89.80,79.90,105.30,100.46,86.60,85.80,48.50,56.00,,
2019M09,,,,,93.20,83.40,108.50,100.43,102.90,98.90,48.10,53.20,,
2019M10,,,,,95.50,84.20,113.20,100.50,98.20,106.20,48.10,54.80,,
2019M11,,,,,96.80,87.30,111.60,100.64,84.30,105.90,48.10,53.60,,
2019M12,,,,,99.30,88.90,115.50,100.75,87.00,87.20,47.90,55.70,,
2020M01,,1.32,0.23,,99.80,90.50,114.40,100.68,88.10,85.50,51.40,56.00,,
2020M02,,13.86,0.59,0.03,101.00,92.10,114.80,100.19,95.40,95.00,50.30,56.90,,
2020M03,8.33,36175.97,6195.29,172.84,89.10,79.70,103.70,99.11,111.90,119.40,49.10,52.80,1.00,0.00
2020M04,72.69,666100.07,29632.00,2042.47,71.80,70.10,74.30,97.95,107.90,131.90,41.60,41.50,6996.00,1637.00
2020M05,72.69,1465070.29,22900.45,1329.39,72.30,65.90,82.30,97.59,100.90,148.70,43.50,45.20,68515.00,1880.00
2020M06,72.69,2163575.00,28598.40,652.40,78.10,72.30,87.10,97.80,108.50,159.60,52.40,56.80,108613.00,767.00
2020M07,68.98,3589531.07,61313.39,855.06,72.50,65.90,82.80,98.08,103.80,157.20,53.90,57.00,128120.00,702.00
2020M08,67.13,5377182.94,48327.74,930.13,74.10,68.50,82.90,98.33,92.80,148.90,55.40,57.40,155040.00,1116.00
2020M09,67.13,6660195.30,39997.87,772.63,80.40,75.60,87.80,98.54,86.70,144.30,55.40,57.70,183831.00,1067.00
2020M10,62.50,8117470.07,62238.87,792.03,81.80,79.20,85.90,98.62,89.00,145.50,58.80,56.10,206836.00,896.00
2020M11,62.50,11309508.17,149732.30,1332.00,76.90,70.50,87.00,98.62,90.20,144.40,57.30,56.50,231003.00,509.00
2020M12,75.46,17067318.03,211372.65,2583.71,80.70,74.60,90.00,98.75,95.40,144.80,60.50,57.80,273042.00,2561.00
2021M01,71.76,23694591.48,197988.61,3096.00,79.00,74.00,86.70,98.90,88.80,144.50,59.40,58.50,352760.00,2205.00
2021M02,71.76,27764482.71,85987.07,2328.18,76.80,70.70,86.20,99.20,80.80,143.00,60.90,55.90,448319.00,1781.00
2021M03,68.06,29684396.55,58562.94,1182.94,84.90,79.70,93.00,99.64,76.70,153.80,63.70,62.20,513035.00,1317.00
2021M04,56.02,31608154.23,62952.20,794.37,88.30,82.70,97.20,99.99,79.00,152.90,60.60,62.70,549480.00,1100.00
2021M05,56.02,33029592.65,29627.81,585.26,82.90,78.80,89.40,100.25,73.70,147.40,61.60,63.20,572960.00,749.00
2021M06,56.02,33607782.50,13198.83,347.77,85.50,83.50,88.60,100.40,65.80,147.20,60.90,60.70,590999.00,643.00
2021M07,58.83,34250669.84,42743.58,283.81,81.20,79.00,84.50,100.29,65.60,139.70,59.90,64.10,601071.00,283.00
2021M08,46.67,37142058.87,138329.13,910.26,70.30,65.10,78.50,100.02,75.80,145.30,59.70,62.20,609820.00,233.00
2021M09,52.48,41690655.03,138172.50,1970.87,72.80,68.10,80.10,99.84,79.50,150.20,60.50,62.60,639870.00,2044.00
2021M10,52.29,44949031.68,81097.39,1549.48,71.70,67.90,77.70,99.63,78.10,138.90,60.80,66.70,699074.00,2131.00
2021M11,52.17,47348965.67,85092.60,1153.43,67.40,63.50,73.60,99.39,,,60.60,68.40,746222.00,1253.00
2021M12,48.68,50940719.84,203276.68,1485.29,70.60,68.30,74.20,99.15,,,58.80,62.30,781572.00,2003.00
2022M01,47.67,66048933.10,656657.42,2044.52,67.20,64.10,72.00,98.82,,,57.60,59.90,826015.00,401.00
2022M02,45.62,77918353.79,140684.00,2194.25,62.80,59.40,68.20,98.37,,,58.60,56.50,892378.00,3357.00
2022M03,37.14,79776388.84,33575.77,1061.26,59.40,54.30,67.20,97.82,,,57.10,58.30,952217.00,1768.00
2022M04,29.90,80801298.40,41492.37,436.30,65.20,62.50,69.40,97.43,,,55.40,57.10,984173.00,830.00
2022M05,27.96,82890040.90,92298.81,355.10,58.40,55.20,63.30,97.05,,,56.10,55.90,996363.00,23.00
2022M06,26.50,86087278.30,111589.93,364.76,50.00,47.50,53.80,96.67,,,53.00,55.30,1008026.00,677.00
2022M07,32.00,89555943.19,118378.00,409.81,51.50,47.30,58.10,96.47,,,52.80,56.70,1018153.00,502.00
2022M08,30.75,93142267.74,102718.61,548.10,58.20,58.00,58.60,96.46,,,52.80,56.90,1030932.00,574.00
2022M09,24.23,95549486.70,61096.63,439.10,58.60,58.00,59.70,96.46,,,50.90,56.70,1047233.00,681.00
2022M10,25.94,96387466.00,7894.00,35.00,59.80,56.20,65.30,,,,,,1059814.00,35.00