,,,,DAILY AVG,DAILY AVG,DAILY AVG,DAILY AVG,Continuous Since Jan 1978,Continuous Since Jan 1978,Continuous Since Jan 1978,Continuous Since June 1977,Continuous Since June 1977,Continuous Since June 1977,,,cut off from more data,
Month,Govt stringency,VaxFull,Total Covid,New Cases,New Cases Per Million,New Deaths,New Deaths Per Million,Michigan overall consumer sentiment,Michigan Sentiment Expected Conditions,Michigan Sentiment Current Conditions,Conference Board Overall Consumer Confidence,Conference Board Consumer Confidence in Expected Conditions,Conference Board Consumer Confidence in Current Conditions,ISM Manufacturing,ISM nonmanufacuring,PSAVERT,REAL GDP(Q)
1967M01,0,0,0,0,0,0,0,,,,,,,49.1,,12.1,4538.498
1967M02,0,0,0,0,0,0,0,,,,,,,47.6,,12.6,4541.280
1967M03,0,0,0,0,0,0,0,,,,,,,45.3,,12.8,4584.246
1967M04,0,0,0,0,0,0,0,,,,,,,42.8,,11.9,4618.812
1967M05,0,0,0,0,0,0,0,,,,,,,44.5,,12.0,4713.013
1967M06,0,0,0,0,0,0,0,,,,,,,46.8,,11.9,4791.758
1967M07,0,0,0,0,0,0,0,,,,,,,49.5,,12.6,4828.892
1967M08,0,0,0,0,0,0,0,,,,,,,52.2,,12.6,4847.885
1967M09,0,0,0,0,0,0,0,,,,,,,54.9,,11.9,4923.760
1967M10,0,0,0,0,0,0,0,,,,,,,54.1,,12.9,4938.728
1967M11,0,0,0,0,0,0,0,,,,,,,54.2,,12.8,4971.349
1967M12,0,0,0,0,0,0,0,,,,,,,55.6,,11.8,4947.104
1968M01,0,0,0,0,0,0,0,,,,,,,56.6,,11.7,4939.759
1968M02,0,0,0,0,0,0,0,,,,,,,55,,12.3,4946.770
1968M03,0,0,0,0,0,0,0,,,,,,,53.8,,11.7,4992.357
1968M04,0,0,0,0,0,0,0,,,,,,,58,,12.3,4938.857
1968M05,0,0,0,0,0,0,0,,,,,,,55.3,,12.0,5072.996
1968M06,0,0,0,0,0,0,0,,,,,,,53.5,,11.7,5100.447
1968M07,0,0,0,0,0,0,0,,,,,,,54.1,,10.7,5142.422
1968M08,0,0,0,0,0,0,0,,,,,,,52.7,,10.5,5154.547
1968M09,0,0,0,0,0,0,0,,,,,,,51.8,,10.6,5249.337
1968M10,0,0,0,0,0,0,0,,,,,,,55.8,,10.8,5368.485
1968M11,0,0,0,0,0,0,0,,,,,,,58.1,,10.6,5419.184
1968M12,0,0,0,0,0,0,0,,,,,,,56.1,,11.1,5509.926
1969M01,0,0,0,0,0,0,0,,,,,,,54.9,,10.3,5646.286
1969M02,0,0,0,0,0,0,0,,,,,,,57,,9.7,5707.755
1969M03,0,0,0,0,0,0,0,,,,,,,57.1,,10.2,5677.738
1969M04,0,0,0,0,0,0,0,,,,,,,55.2,,9.7,5731.632
1969M05,0,0,0,0,0,0,0,,,,,,,56.7,,10.1,5682.353
1969M06,0,0,0,0,0,0,0,,,,,,,55.5,,11.1,5695.859
1969M07,0,0,0,0,0,0,0,,,,,,,53.1,,11.8,5642.025
1969M08,0,0,0,0,0,0,0,,,,,,,54.8,,11.5,5620.126
1969M09,0,0,0,0,0,0,0,,,,,,,54.1,,11.6,5551.713
1969M10,0,0,0,0,0,0,0,,,,,,,54.6,,11.4,5591.382
1969M11,0,0,0,0,0,0,0,,,,,,,53.2,,11.6,5687.087
1969M12,0,0,0,0,0,0,0,,,,,,,52,,11.8,5763.665
1970M01,0,0,0,0,0,0,0,,,,,,,48.7,,11.8,5893.276
1970M02,0,0,0,0,0,0,0,,,,,,,47.4,,11.7,5936.515
1970M03,0,0,0,0,0,0,0,,,,,,,46.9,,12.4,5969.089
1970M04,0,0,0,0,0,0,0,,,,,,,45,,13.3,6012.356
1970M05,0,0,0,0,0,0,0,,,,,,,47.2,,12.4,6083.391
1970M06,0,0,0,0,0,0,0,,,,,,,51.1,,12.3,6201.659
1970M07,0,0,0,0,0,0,0,,,,,,,49.5,,13.5,6313.559
1970M08,0,0,0,0,0,0,0,,,,,,,47.3,,13.4,6313.697
1970M09,0,0,0,0,0,0,0,,,,,,,44.1,,12.9,6333.848
1970M10,0,0,0,0,0,0,0,,,,,,,42.4,,13.1,6578.605
1970M11,0,0,0,0,0,0,0,,,,,,,39.7,,13.6,6644.754
1970M12,0,0,0,0,0,0,0,,,,,,,45.4,,13.2,6734.069
1971M01,0,0,0,0,0,0,0,,,,,,,47.9,,13.3,6746.176
1971M02,0,0,0,0,0,0,0,,,,,,,54.8,,13.3,6753.389
1971M03,0,0,0,0,0,0,0,,,,,,,51.2,,13.5,6803.558
1971M04,0,0,0,0,0,0,0,,,,,,,54.5,,13.2,6820.572
1971M05,0,0,0,0,0,0,0,,,,,,,54.2,,13.6,6842.024
1971M06,0,0,0,0,0,0,0,,,,,,,53.8,,14.7,6701.046
1971M07,0,0,0,0,0,0,0,,,,,,,54.4,,13.8,6693.082
1971M08,0,0,0,0,0,0,0,,,,,,,53.6,,13.6,6817.903
1971M09,0,0,0,0,0,0,0,,,,,,,55.1,,13.3,6951.495
1971M10,0,0,0,0,0,0,0,,,,,,,55,,13.3,6899.980
1971M11,0,0,0,0,0,0,0,,,,,,,52.3,,13.1,6982.609
1971M12,0,0,0,0,0,0,0,,,,,,,57.6,,13.0,6906.529
1972M01,0,0,0,0,0,0,0,,,,,,,59.6,,12.5,6799.233
1972M02,0,0,0,0,0,0,0,,,,,,,60.6,,12.8,6830.251
1972M03,0,0,0,0,0,0,0,,,,,,,59.8,,11.8,6804.139
1972M04,0,0,0,0,0,0,0,,,,,,,59.3,,11.5,6806.857
1972M05,0,0,0,0,0,0,0,,,,,,,61.4,,11.7,6896.561
1972M06,0,0,0,0,0,0,0,,,,,,,58.6,,11.7,7053.500
1972M07,0,0,0,0,0,0,0,,,,,,,60.1,,11.7,7194.504
1972M08,0,0,0,0,0,0,0,,,,,,,61.7,,12.0,7344.597
1972M09,0,0,0,0,0,0,0,,,,,,,65.1,,12.2,7488.167
1972M10,0,0,0,0,0,0,0,,,,,,,67,,13.0,7617.547
1972M11,0,0,0,0,0,0,0,,,,,,,69.9,,13.6,7690.985
1972M12,0,0,0,0,0,0,0,,,,,,,70.5,,13.7,7754.117
1973M01,0,0,0,0,0,0,0,,,,,,,72.1,,12.4,7829.260
1973M02,0,0,0,0,0,0,0,,,,,,,69.6,,12.5,7898.194
1973M03,0,0,0,0,0,0,0,,,,,,,69.6,,12.7,8018.809
1973M04,0,0,0,0,0,0,0,,,,,,,67.7,,13.2,8078.415
1973M05,0,0,0,0,0,0,0,,,,,,,64.8,,13.2,8153.829
1973M06,0,0,0,0,0,0,0,,,,,,,65,,13.6,8190.552
1973M07,0,0,0,0,0,0,0,,,,,,,57.8,,13.2,8268.935
1973M08,0,0,0,0,0,0,0,,,,,,,62.7,,13.9,8313.338
1973M09,0,0,0,0,0,0,0,,,,,,,63.5,,13.1,8375.274
1973M10,0,0,0,0,0,0,0,,,,,,,66.2,,14.4,8465.630
1973M11,0,0,0,0,0,0,0,,,,,,,68.1,,14.4,8539.075
1973M12,0,0,0,0,0,0,0,,,,,,,63.6,,14.8,8685.694
1974M01,0,0,0,0,0,0,0,,,,99.04207,,,62.1,,14.3,8730.569
1974M02,0,0,0,0,0,0,0,,,,98.98896,,,58.6,,14.2,8845.280
1974M03,0,0,0,0,0,0,0,,,,99.11949,,,61.8,,13.4,8897.107
1974M04,0,0,0,0,0,0,0,,,,99.25858,,,59.9,,13.1,9015.661
1974M05,0,0,0,0,0,0,0,,,,99.23489,,,55.7,,12.8,9107.314
1974M06,0,0,0,0,0,0,0,,,,99.06351,,,54.7,,12.8,9176.827
1974M07,0,0,0,0,0,0,0,,,,98.82465,,,54.8,,12.8,9244.816
1974M08,0,0,0,0,0,0,0,,,,98.5909,,,52.9,,12.1,9263.033
1974M09,0,0,0,0,0,0,0,,,,98.38078,,,46.2,,12.9,9364.259
1974M10,0,0,0,0,0,0,0,,,,98.21665,,,42.7,,13.4,9398.243
1974M11,0,0,0,0,0,0,0,,,,98.14568,,,37.9,,13.8,9404.494
1974M12,0,0,0,0,0,0,0,,,,98.17189,,,30.9,,14.0,9318.876
1975M01,0,0,0,0,0,0,0,,,,98.32552,,,30.7,,13.2,9275.276
1975M02,0,0,0,0,0,0,0,,,,98.59344,,,34.4,,12.5,9347.597
1975M03,0,0,0,0,0,0,0,,,,98.90186,,,31.6,,12.7,9394.834
1975M04,0,0,0,0,0,0,0,,,,99.17805,,,37.5,,14.2,9427.581
1975M05,0,0,0,0,0,0,0,,,,99.35952,,,41.2,,17.3,9540.444
1975M06,0,0,0,0,0,0,0,,,,99.46787,,,45.1,,14.3,9643.893
1975M07,0,0,0,0,0,0,0,,,,99.54979,,,47.2,,12.6,9739.185
1975M08,0,0,0,0,0,0,0,,,,99.6029,,,51.4,,13.0,9840.753
1975M09,0,0,0,0,0,0,0,,,,99.66647,,,54.4,,13.0,9857.185
1975M10,0,0,0,0,0,0,0,,,,99.81253,,,55.5,,13.4,9914.565
1975M11,0,0,0,0,0,0,0,,,,100.0877,,,54.5,,12.7,9961.873
1975M12,0,0,0,0,0,0,0,,,,100.4389,,,54.9,,12.0,10097.362
1976M01,0,0,0,0,0,0,0,,,,100.7536,,,58.8,,11.7,10195.338
1976M02,0,0,0,0,0,0,0,,,,100.9136,,,61.5,,12.3,10333.495
1976M03,0,0,0,0,0,0,0,,,,100.9706,,,58.4,,12.2,10393.898
1976M04,0,0,0,0,0,0,0,,,,101.0065,,,60.6,,11.7,10512.962
1976M05,0,0,0,0,0,0,0,,,,101.0658,,,58.8,,12.3,10550.251
1976M06,0,0,0,0,0,0,0,,,,101.1079,99.4,96.5,58.2,,11.4,10581.723
1976M07,0,0,0,0,0,0,0,,,,101.0906,100.6,92.8,55.9,,11.7,10671.738
1976M08,0,0,0,0,0,0,0,,,,100.9993,100.5,96,54.5,,11.7,10744.203
1976M09,0,0,0,0,0,0,0,,,,100.8782,95.3,98.8,53.6,,11.4,10824.674
1976M10,0,0,0,0,0,0,0,,,,100.7881,97.9,91.9,53.5,,11.1,11005.217
1976M11,0,0,0,0,0,0,0,,,,100.7893,103.2,92.6,51.7,,11.4,11103.935
1976M12,0,0,0,0,0,0,0,,,,100.8551,113.1,104.6,56.6,,10.6,11219.238
1977M01,0,0,0,0,0,0,0,,,,100.939,109.4,105.4,54.8,,10.6,11291.665
1977M02,0,0,0,0,0,0,0,,,,100.9779,108.2,105.2,55,,9.3,11479.330
1977M03,0,0,0,0,0,0,0,,,,100.9517,107.1,101.2,58.4,,10.5,11622.911
1977M04,0,0,0,0,0,0,0,,,,100.8867,108.6,112,56.9,,10.5,11722.722
1977M05,0,0,0,0,0,0,0,,,,100.852,99.1,115,59.7,,10.3,11839.876
1977M06,0,0,0,0,0,0,0,,,,100.9076,101,122.2,56.8,,10.6,11949.492
1977M07,0,0,0,0,0,0,0,,,,101.0181,93.3,123.4,57.7,,10.5,12099.191
1977M08,0,0,0,0,0,0,0,,,,101.1222,97.4,123.9,54.9,,10.9,12294.737
1977M09,0,0,0,0,0,0,0,,,,101.2181,95.3,123.5,53.9,,11.1,12410.778
1977M10,0,0,0,0,0,0,0,,,,101.3153,97.7,124.9,55.4,,11.0,12514.408
1977M11,0,0,0,0,0,0,0,,,,101.3969,82.4,117.7,56.1,,11.2,12679.977
1977M12,0,0,0,0,0,0,0,,,,101.467,86.1,126.3,59.8,,11.4,12888.281
1978M01,0,0,0,0,0,0,0,83.7,75.7,96.2,101.5055,82.2,125.6,57.4,,11.9,12935.252
1978M02,0,0,0,0,0,0,0,84.3,77.2,95.4,101.4868,88.8,120.5,55.9,,11.1,13170.749
1978M03,0,0,0,0,0,0,0,78.8,69.5,93.2,101.4235,78,124,55,,11.0,13183.890
1978M04,0,0,0,0,0,0,0,81.6,71.1,98,101.422,77.9,119.7,57.7,,10.8,13262.250
1978M05,0,0,0,0,0,0,0,82.9,73,98.2,101.4491,78.5,122.2,60.2,,10.3,13219.251
1978M06,0,0,0,0,0,0,0,80,68.1,98.4,101.4537,73.3,121.7,60.5,,10.0,13301.394
1978M07,0,0,0,0,0,0,0,82.4,72,98.7,101.4666,63.1,108.9,62.2,,10.9,13248.142
1978M08,0,0,0,0,0,0,0,78.4,67,96.1,101.4479,60.7,107.4,60.3,,10.5,13284.881
1978M09,0,0,0,0,0,0,0,80.4,69.8,96.9,101.4336,66.9,119.2,60.5,,10.6,13394.910
1978M10,0,0,0,0,0,0,0,79.3,71.7,91.2,101.3066,74.1,119.5,60.1,,10.7,13477.356
1978M11,0,0,0,0,0,0,0,75,62.8,94.1,101.0436,73,115.9,61.3,,10.5,13531.741
1978M12,0,0,0,0,0,0,0,66.1,53.8,85.2,100.7732,74.8,114.4,59.4,,10.4,13549.421
1979M01,0,0,0,0,0,0,0,72.1,58.4,93.3,100.6833,71.4,107.6,58.5,,11.1,13619.434
1979M02,0,0,0,0,0,0,0,73.9,62.2,92.2,100.6628,74.1,102,58.2,,11.1,13741.107
1979M03,0,0,0,0,0,0,0,68.4,53.7,91.2,100.5912,70.5,96.3,57.7,,11.2,13970.157
1979M04,0,0,0,0,0,0,0,66,53.3,85.9,100.5006,50,76.3,56.2,,11.0,14131.379
1979M05,0,0,0,0,0,0,0,68.1,54.9,88.7,100.3905,50,50.2,54.4,,10.3,14212.340
1979M06,0,0,0,0,0,0,0,65.8,51.4,88.2,100.1943,62.3,46.9,52.7,,9.9,14323.017
1979M07,0,0,0,0,0,0,0,60.4,44.2,85.7,99.9903,75.4,50.4,51.3,,10.6,14457.832
1979M08,0,0,0,0,0,0,0,64.5,49.3,88.2,99.88538,85,49.5,49.5,,9.7,14605.595
1979M09,0,0,0,0,0,0,0,66.7,53.6,87.1,99.7798,93.8,59.9,49.6,,9.4,14767.846
1979M10,0,0,0,0,0,0,0,62.1,49.5,81.6,99.60426,99.6,61.1,49,,9.7,14839.707
1979M11,0,0,0,0,0,0,0,63.3,52,80.9,99.44087,102.9,63.6,48,,9.7,14956.291
1979M12,0,0,0,0,0,0,0,61,51.5,75.8,99.28284,91.1,59.8,44.8,,10.1,15041.232
1980M01,0,0,0,0,0,0,0,67,54.1,87.1,99.13677,85.9,57.1,46.2,,9.9,15244.088
1980M02,0,0,0,0,0,0,0,66.9,54.9,85.5,98.90758,78.4,55,50.2,,10.1,15281.525
1980M03,0,0,0,0,0,0,0,56.5,44.3,75.3,98.58131,88.1,62.3,43.6,,10.2,15304.517
1980M04,0,0,0,0,0,0,0,52.7,44.4,65.8,98.3634,93.1,64.4,37.4,,11.3,15433.643
1980M05,0,0,0,0,0,0,0,51.7,45.3,61.7,98.3401,96.3,72.8,29.4,,11.4,15478.956
1980M06,0,0,0,0,0,0,0,58.7,53,67.4,98.49589,94,66.6,30.3,,11.2,15577.779
1980M07,0,0,0,0,0,0,0,62.3,53.4,76.1,98.74045,94.1,67.7,35,,11.3,15671.605
1980M08,0,0,0,0,0,0,0,67.3,59.6,79.4,99.04061,96.5,69.6,45.5,,11.3,15767.146
1980M09,0,0,0,0,0,0,0,73.7,67.9,82.7,99.27702,86.6,64.2,50.1,,11.7,15702.906
1980M10,0,0,0,0,0,0,0,75,69.6,83.4,99.34093,84.7,62,55.5,,11.3,15792.773
1980M11,0,0,0,0,0,0,0,76.7,76.9,76.4,99.20462,77,51.8,58.2,,11.6,15709.562
1980M12,0,0,0,0,0,0,0,64.5,60.4,70.9,98.95484,82.8,42.3,53,,11.4,15366.607
1981M01,0,0,0,0,0,0,0,71.4,67.9,76.7,98.81942,82.5,38.6,49.2,,10.9,15187.475
1981M02,0,0,0,0,0,0,0,66.9,62.1,74.4,98.68133,78.2,38.5,48.8,,10.8,15161.772
1981M03,0,0,0,0,0,0,0,66.5,62.1,73.5,98.63217,72.4,33.2,49.6,,10.8,15216.647
1981M04,0,0,0,0,0,0,0,72.4,68.8,78.1,98.71967,77.6,26.2,51.6,,10.9,15379.155
1981M05,0,0,0,0,0,0,0,76.3,73.6,80.4,98.82475,83.2,28.6,53.5,,11.0,15456.059
1981M06,0,0,0,0,0,0,0,73.1,71.2,76.1,98.81002,80.1,21.7,50.7,,10.8,15605.628
1981M07,0,0,0,0,0,0,0,74.1,67.1,84.9,98.76527,89.2,24.1,46.7,,12.3,15726.282
1981M08,0,0,0,0,0,0,0,77.2,70.8,87.1,98.70446,80.2,21.9,48.3,,12.0,15807.995
1981M09,0,0,0,0,0,0,0,73.1,69,79.5,98.59273,86.1,16.2,42.5,,12.4,15769.911
1981M10,0,0,0,0,0,0,0,70.3,62.2,82.8,98.44037,78.6,17.8,40,,13.0,15876.839
1981M11,0,0,0,0,0,0,0,62.5,56.3,72.1,98.33657,84.7,16.6,36.1,,13.2,15870.684
1981M12,0,0,0,0,0,0,0,64.3,56.8,75.9,98.40742,88.6,15.8,37.8,,12.5,16048.702
1982M01,0,0,0,0,0,0,0,71,62.9,83.5,98.58393,87.7,16,38.2,,12.7,16179.968
1982M02,0,0,0,0,0,0,0,66.5,58.7,78.6,98.64608,101.1,17.5,38.3,,12.1,16253.726
1982M03,0,0,0,0,0,0,0,62,53.1,75.9,98.68893,116.5,23.7,36.8,,12.2,16282.151
1982M04,0,0,0,0,0,0,0,65.5,61.1,72.3,98.79148,119.7,28.3,37.8,,12.9,16300.035
1982M05,0,0,0,0,0,0,0,67.5,62,76.1,98.83595,124.3,33,35.5,,12.3,16441.485
1982M06,0,0,0,0,0,0,0,65.7,60.1,74.3,98.76591,121,37.4,38.3,,12.3,16464.402
1982M07,0,0,0,0,0,0,0,65.4,57.6,77.5,98.63333,119.2,43.7,38.4,,12.5,16594.743
1982M08,0,0,0,0,0,0,0,65.4,60.9,72.5,98.56644,119.3,49.2,38.3,,12.6,16712.760
1982M09,0,0,0,0,0,0,0,69.3,66.9,72.9,98.58859,117.3,51.7,38.8,,11.8,16654.247
1982M10,0,0,0,0,0,0,0,73.4,70.4,78.1,98.66029,117.6,53.9,39.4,,11.3,16868.109
1982M11,0,0,0,0,0,0,0,72.1,71,73.8,98.71888,119.5,62.4,39.2,,10.9,17064.616
1982M12,0,0,0,0,0,0,0,71.9,67.9,78.1,98.80299,123.2,74.2,42.8,,10.9,17141.235
1983M01,0,0,0,0,0,0,0,70.4,65.2,78.4,99.0044,122.4,76,46,,11.1,17280.647
1983M02,0,0,0,0,0,0,0,74.6,71.2,79.9,99.36777,114.7,80.5,54.4,,11.1,17380.875
1983M03,0,0,0,0,0,0,0,80.8,80.9,80.5,99.82929,113.1,83,53.9,,10.6,17437.080
1983M04,0,0,0,0,0,0,0,89.1,86.9,92.7,100.2069,119.1,86.5,54.2,,10.3,17462.579
1983M05,0,0,0,0,0,0,0,93.3,93.4,93.1,100.405,114.7,89.9,56.1,,9.9,17565.465
1983M06,0,0,0,0,0,0,0,92.2,89.2,96.9,100.4597,110.6,98.5,57.5,,9.1,17618.581
1983M07,0,0,0,0,0,0,0,92.8,90.5,96.5,100.458,104.2,94.6,63.6,,9.6,17724.489
1983M08,0,0,0,0,0,0,0,90.9,88.2,95.1,100.4271,105.1,100.1,63.1,,9.2,17812.560
1983M09,0,0,0,0,0,0,0,89.9,85.8,96.4,100.3988,101.4,97.9,62.5,,9.6,17889.094
1983M10,0,0,0,0,0,0,0,89.3,86.1,94.3,100.4391,102,94.7,64.4,,9.7,17979.218
1983M11,0,0,0,0,0,0,0,91.1,87.9,96.1,100.5985,107.4,102.6,66,,10.3,18127.994
1983M12,0,0,0,0,0,0,0,94.2,91,99.3,100.8216,98.7,94.5,69.9,,10.1,18310.300
1984M01,0,0,0,0,0,0,0,100.1,97,104.9,101.0013,102.5,101.2,60.5,,10.0,18437.127
1984M02,0,0,0,0,0,0,0,97.4,93.2,103.9,101.0291,103.9,102,61.3,,11.7,18565.697
1984M03,0,0,0,0,0,0,0,101,97.7,106,100.9723,95.9,96.5,58.9,,11.5,18699.748
1984M04,0,0,0,0,0,0,0,96.1,91.4,103.5,100.8474,105.1,103.5,61,,11.5,18733.741
1984M05,0,0,0,0,0,0,0,98.1,90.6,109.8,100.7536,99.6,99.6,58.6,,11.1,18835.411
1984M06,0,0,0,0,0,0,0,95.5,89.8,104.4,100.7072,102.7,102.5,58.1,,11.1,18962.175
1984M07,0,0,0,0,0,0,0,96.6,91.9,103.9,100.7652,102.5,104.2,56.1,,11.6,19130.932
1984M08,0,0,0,0,0,0,0,99.1,93.7,107.5,100.8684,102.1,99,53,,11.8,19215.691
1984M09,0,0,0,0,0,0,0,100.9,96.4,107.8,100.9357,96.3,95.6,50,,11.8,18989.877
1984M10,0,0,0,0,0,0,0,96.3,91.6,103.6,100.9105,94.5,98.5,50.8,,11.7,17378.712
1984M11,0,0,0,0,0,0,0,95.7,91.5,102.4,100.8959,96.8,100.1,50.3,,10.9,18743.720
1984M12,0,0,0,0,0,0,0,92.9,87.9,100.6,100.9181,98.2,98.1,50.6,,11.2,18924.262
1985M01,0,0,0,0,0,0,0,96,90.3,104.9,100.9803,96.3,97.8,50.3,,10.3,19216.224
1985M02,0,0,0,0,0,0,0,93.7,86.5,105.1,100.9596,94.4,98.4,49.9,,9.1,19544.248
1985M03,0,0,0,0,0,0,0,93.7,87.3,103.7,100.9168,95.5,94.5,47.8,,8.7,19672.594
1985M04,0,0,0,0,0,0,0,94.6,87,106.6,100.8879,99,101.6,48.2,,9.9,20006.181
1985M05,0,0,0,0,0,0,0,91.8,84.2,103.7,100.8615,99.4,101.3,47.1,,11.1,19924.088
1985M06,0,0,0,0,0,0,0,96.5,91.1,104.9,100.8732,99.7,100.4,47.8,,9.6,19895.271
1985M07,0,0,0,0,0,0,0,94,87.4,104.3,100.8647,96.4,99.3,47.9,,9.1,20021.721
1985M08,0,0,0,0,0,0,0,92.4,86.3,101.8,100.8613,92,91.4,47.7,,8.2,
1985M09,0,0,0,0,0,0,0,92.1,84.2,104.3,100.8975,89.4,90.3,49.9,,7.3,
1985M10,0,0,0,0,0,0,0,88.4,80.8,100.3,100.974,86.1,85.4,50.9,,9.1,
1985M11,0,0,0,0,0,0,0,90.9,84.5,100.7,101.0814,92,86.2,52,,9.0,
1985M12,0,0,0,0,0,0,0,93.9,88.1,103.1,101.2155,92.2,94.7,50.7,,8.6,
1986M01,0,0,0,0,0,0,0,95.6,85.3,111.8,101.3391,85.6,85,51.2,,8.6,
1986M02,0,0,0,0,0,0,0,95.9,87.8,108.4,101.3976,91.8,91.9,51,,9.3,
1986M03,0,0,0,0,0,0,0,95.1,86.9,107.9,101.4098,96.8,94.2,51,,9.9,
1986M04,0,0,0,0,0,0,0,96.2,88.5,108.1,101.4025,100.5,92.8,49.7,,9.7,
1986M05,0,0,0,0,0,0,0,94.8,87.5,106.2,101.3888,105.6,99.1,53.4,,9.3,
1986M06,0,0,0,0,0,0,0,99.3,90.3,113.3,101.3936,98.2,107.9,50.5,,9.4,
1986M07,0,0,0,0,0,0,0,97.7,88.5,112.1,101.3543,105.6,106.2,48,,9.3,
1986M08,0,0,0,0,0,0,0,94.9,85.9,108.9,101.2922,107.5,115.6,52.6,,9.0,
1986M09,0,0,0,0,0,0,0,91.9,81.3,108.3,101.2422,112.5,120.5,52.4,,7.2,
1986M10,0,0,0,0,0,0,0,95.6,87.1,108.9,101.2249,108.9,124.4,51.2,,8.4,
1986M11,0,0,0,0,0,0,0,91.4,81.6,106.7,101.1472,90.9,115.6,51.2,,8.8,
1986M12,0,0,0,0,0,0,0,89.1,78.3,105.8,101.0686,99.6,119.8,50.5,,7.0,
1987M01,0,0,0,0,0,0,0,90.4,80.9,105.1,101.0536,102.2,121.5,54.9,,9.7,
1987M02,0,0,0,0,0,0,0,90.2,81.6,103.7,101.0872,105.5,129.1,52.6,,8.5,
1987M03,0,0,0,0,0,0,0,90.8,83.3,102.5,101.1447,104.9,124.5,55,,8.5,
1987M04,0,0,0,0,0,0,0,92.8,84.7,105.5,101.2076,112.8,120.2,55.5,,4.5,
1987M05,0,0,0,0,0,0,0,91.1,80.6,107.4,101.2424,114.4,129,57.2,,8.2,
1987M06,0,0,0,0,0,0,0,91.5,80.8,108.1,101.2966,108.6,126.3,57.4,,7.7,
1987M07,0,0,0,0,0,0,0,93.7,83.3,109.9,101.3684,103.7,128.2,57.5,,7.5,
1987M08,0,0,0,0,0,0,0,94.4,85.8,107.8,101.4049,109.4,135.1,59.3,,7.2,
1987M09,0,0,0,0,0,0,0,93.6,84.2,108.3,101.37,100.1,126.7,60,,7.6,
1987M10,0,0,0,0,0,0,0,89.3,80.4,103.1,101.2439,109.3,128.3,60.7,,8.3,
1987M11,0,0,0,0,0,0,0,83.1,72.7,99.3,101.1228,102,129.1,58.8,,8.5,
1987M12,0,0,0,0,0,0,0,86.8,76.7,102.7,101.1677,105.6,140.1,61,,8.7,
1988M01,0,0,0,0,0,0,0,90.8,80.9,106.2,101.3044,104.1,133.4,57.5,,8.1,
1988M02,0,0,0,0,0,0,0,91.6,81.9,106.6,101.4295,108.3,139.2,56.2,,8.6,
1988M03,0,0,0,0,0,0,0,94.6,85.2,109.1,101.5172,104.9,136.2,54.6,,8.2,
1988M04,0,0,0,0,0,0,0,91.2,82.4,104.8,101.5505,101.8,138.9,55.8,,8.8,
1988M05,0,0,0,0,0,0,0,94.8,87.3,106.5,101.5879,103,137.2,55.5,,8.4,
1988M06,0,0,0,0,0,0,0,94.7,85.7,108.6,101.62,105.1,135.5,59.3,,8.4,
1988M07,0,0,0,0,0,0,0,93.4,82.3,110.7,101.671,106.6,141.1,58.2,,8.6,
1988M08,0,0,0,0,0,0,0,97.4,88.8,110.8,101.7642,103.7,133,56,,8.4,
1988M09,0,0,0,0,0,0,0,97.3,89.5,109.4,101.8137,106.1,131.7,54.5,,8.9,
1988M10,0,0,0,0,0,0,0,94.1,87,105,101.7982,106.4,133,55.4,,8.6,
1988M11,0,0,0,0,0,0,0,93,86.3,103.3,101.7584,103.7,132.3,55.6,,8.4,
1988M12,0,0,0,0,0,0,0,91.9,85.5,102,101.7151,104.4,125.9,56,,8.3,
1989M01,0,0,0,0,0,0,0,97.9,89.9,110.3,101.6885,97,120.7,54.7,,8.5,
1989M02,0,0,0,0,0,0,0,95.4,88.8,105.7,101.5704,93.7,126.3,54.1,,9.0,
1989M03,0,0,0,0,0,0,0,94.3,87.6,104.8,101.3917,101.9,123.7,51.5,,9.5,
1989M04,0,0,0,0,0,0,0,91.5,83.2,104.4,101.2244,99.2,119.4,52.2,,8.4,
1989M05,0,0,0,0,0,0,0,90.7,80.1,107.1,101.1373,100.3,117.8,49.3,,8.1,
1989M06,0,0,0,0,0,0,0,90.6,82,104.1,101.1434,96.6,111.1,47.3,,8.2,
1989M07,0,0,0,0,0,0,0,92,85.5,102.1,101.2229,91.8,116.6,45.9,,8.2,
1989M08,0,0,0,0,0,0,0,89.6,80.3,103.9,101.325,74.2,100.4,45.1,,7.6,
1989M09,0,0,0,0,0,0,0,95.8,88.6,107.1,101.4413,77.7,97.5,46,,8.1,
1989M10,0,0,0,0,0,0,0,93.9,87.2,104.4,101.4411,55.6,73.2,46.8,,8.5,
1989M11,0,0,0,0,0,0,0,90.9,84.3,101.2,101.3904,56.1,70.3,46.8,,8.6,
1989M12,0,0,0,0,0,0,0,90.5,85.5,98.2,101.3628,59.8,63.3,47.4,,7.8,
1990M01,0,0,0,0,0,0,0,93,83.4,108,101.34,55.3,54.7,47.2,,8.0,
1990M02,0,0,0,0,0,0,0,89.5,81.3,102.3,101.2696,63.6,53.1,49.1,,8.6,
1990M03,0,0,0,0,0,0,0,91.3,81.3,106.9,101.2074,100.7,51.7,49.9,,8.3,
1990M04,0,0,0,0,0,0,0,93.9,83.9,109.4,101.1713,99.7,48.9,50,,8.8,
1990M05,0,0,0,0,0,0,0,90.6,79.3,108.1,101.083,95.5,47.8,49.5,,8.7,
1990M06,0,0,0,0,0,0,0,88.3,76.6,106.5,100.9535,100.9,43.7,49.2,,8.6,
1990M07,0,0,0,0,0,0,0,88.2,77.3,105.1,100.7202,100.3,43.8,46.6,,8.7,
1990M08,0,0,0,0,0,0,0,76.4,62.9,97.5,100.2976,96.8,45.1,46.1,,8.1,
1990M09,0,0,0,0,0,0,0,72.8,58.8,94.7,99.83145,95.4,39.1,44.5,,8.1,
1990M10,0,0,0,0,0,0,0,63.9,50.9,84.2,99.52485,79.5,31,43.2,,7.8,
1990M11,0,0,0,0,0,0,0,66,52.8,86.7,99.45222,69.7,27.1,41.3,,7.9,
1990M12,0,0,0,0,0,0,0,65.5,53.7,84,99.49835,72.6,22.5,40.8,,8.8,
1991M01,0,0,0,0,0,0,0,66.8,55.2,84.9,99.59976,68.7,22.6,39.2,,9.3,
1991M02,0,0,0,0,0,0,0,70.4,62,83.7,99.87739,63.5,23,39.4,,8.8,
1991M03,0,0,0,0,0,0,0,87.7,84.5,92.7,100.2772,76.7,26.2,40.7,,8.0,
1991M04,0,0,0,0,0,0,0,81.8,74.7,92.8,100.4217,89.7,28,42.8,,8.6,
1991M05,0,0,0,0,0,0,0,78.3,71.5,89,100.4165,96.9,34.4,44.5,,8.4,
1991M06,0,0,0,0,0,0,0,82.1,75.9,91.9,100.374,95.9,37.7,50.3,,8.9,
1991M07,0,0,0,0,0,0,0,82.9,74.4,96.1,100.3071,80.1,32.7,50.6,,8.2,
1991M08,0,0,0,0,0,0,0,82,75.3,92.3,100.254,78.3,30.1,52.9,,8.6,
1991M09,0,0,0,0,0,0,0,83,76.4,93.2,100.188,74.2,32,54.9,,8.8,
1991M10,0,0,0,0,0,0,0,78.3,70.5,90.4,99.98758,70.7,30.5,53.1,,9.3,
1991M11,0,0,0,0,0,0,0,69.1,61.9,80.3,99.70659,85.7,35.5,49.5,,9.0,
1991M12,0,0,0,0,0,0,0,68.2,61.5,78.7,99.50092,103.9,39.3,46.8,,9.7,
1992M01,0,0,0,0,0,0,0,67.5,59.1,80.5,99.43856,98,44.8,47.3,,9.4,
1992M02,0,0,0,0,0,0,0,68.8,61.8,79.7,99.54187,84.7,44.1,52.7,,9.8,
1992M03,0,0,0,0,0,0,0,76,70.3,84.9,99.71881,77.3,42.1,54.6,,9.7,
1992M04,0,0,0,0,0,0,0,77.2,70.5,87.7,99.82478,81.1,47.2,52.6,,9.9,
1992M05,0,0,0,0,0,0,0,79.2,71.2,91.5,99.83617,73.1,45,55.7,,9.9,
1992M06,0,0,0,0,0,0,0,80.4,70.7,95.4,99.73687,69.6,42,53.6,,10.1,
1992M07,0,0,0,0,0,0,0,76.6,67.6,90.6,99.53381,66.8,47.8,53.9,,9.6,
1992M08,0,0,0,0,0,0,0,76.1,69.5,86.2,99.3017,66.8,48.1,53.4,,9.7,
1992M09,0,0,0,0,0,0,0,75.6,67.4,88.3,99.10916,72.8,50.2,49.7,,8.7,
1992M10,0,0,0,0,0,0,0,73.3,67.5,82.5,99.05,66.7,51.2,50.3,,8.0,
1992M11,0,0,0,0,0,0,0,85.3,78.2,96.4,99.18785,80.3,59.2,53.6,,8.0,
1992M12,0,0,0,0,0,0,0,91,89.5,93.4,99.3455,91.8,61.8,54.2,,10.6,
1993M01,0,0,0,0,0,0,0,89.3,83.4,98.6,99.41757,92.6,67.6,55.8,,8.6,
1993M02,0,0,0,0,0,0,0,86.6,80.6,96,99.41762,84.4,73.1,55.2,,8.9,
1993M03,0,0,0,0,0,0,0,85.9,75.8,101.6,99.41168,92.6,77.9,53.5,,8.9,
1993M04,0,0,0,0,0,0,0,85.6,76.4,99.9,99.38927,95.4,87.1,50.2,,8.7,
1993M05,0,0,0,0,0,0,0,80.3,68.5,98.7,99.2702,93.6,81.9,51.2,,8.3,
1993M06,0,0,0,0,0,0,0,81.5,70.4,98.7,99.10087,94.6,89.4,49.6,,7.8,
1993M07,0,0,0,0,0,0,0,77,64.7,96.2,98.96227,91.9,90.5,50.2,,7.6,
1993M08,0,0,0,0,0,0,0,77.3,65.8,95.1,98.90633,89.4,91.7,50.7,,7.7,
1993M09,0,0,0,0,0,0,0,77.9,66.8,95.2,98.92965,89.5,89.5,50.8,,6.9,
1993M10,0,0,0,0,0,0,0,82.7,72.5,98.7,99.03062,87.9,90.9,53.4,,6.3,
1993M11,0,0,0,0,0,0,0,81.2,70.3,98.2,99.21921,97.5,104.8,53.8,,6.3,
1993M12,0,0,0,0,0,0,0,88.2,78.8,102.9,99.54913,98.1,111.4,55.6,,9.1,
1994M01,0,0,0,0,0,0,0,94.3,86.4,106.6,99.89032,94.8,111.3,56,,7.1,
1994M02,0,0,0,0,0,0,0,93.2,83.5,108.3,100.1229,90.8,112.2,56.5,,6.5,
1994M03,0,0,0,0,0,0,0,91.5,85.1,101.4,100.2783,90.1,115.3,56.9,,6.8,
1994M04,0,0,0,0,0,0,0,92.6,82.6,108.1,100.4396,97,116.2,57.4,,6.4,
1994M05,0,0,0,0,0,0,0,92.8,84.2,106.3,100.6003,93.1,115.4,58.2,,7.6,
1994M06,0,0,0,0,0,0,0,91.2,82.7,104.5,100.7306,84.5,109.7,58.8,,6.9,
1994M07,0,0,0,0,0,0,0,89,78.5,105.4,100.828,89.1,119.9,58.5,,7.0,
1994M08,0,0,0,0,0,0,0,91.7,80.8,108.7,100.9354,94.7,113.9,58,,6.5,
1994M09,0,0,0,0,0,0,0,91.5,83.5,104,101.0118,88.8,110,59,,6.8,
1994M10,0,0,0,0,0,0,0,92.7,85.1,104.6,101.0367,89.9,105.9,59.4,,7.1,
1994M11,0,0,0,0,0,0,0,91.6,84.8,102.1,101.0185,92.5,115.3,59.2,,7.0,
1994M12,0,0,0,0,0,0,0,95.1,88.8,104.9,100.989,92.3,109.5,56.1,,7.2,
1995M01,0,0,0,0,0,0,0,97.6,88.4,112,100.9329,79.9,101.1,57.4,,7.5,
1995M02,0,0,0,0,0,0,0,95.1,85.9,109.3,100.7975,89.5,110.8,55.1,,7.8,
1995M03,0,0,0,0,0,0,0,90.3,79.8,106.5,100.6524,90.7,110,52.1,,7.5,
1995M04,0,0,0,0,0,0,0,92.5,83.8,105.9,100.6055,95.9,118.2,51.5,,6.9,
1995M05,0,0,0,0,0,0,0,89.8,80.1,105,100.6249,92.4,120.2,46.7,,7.1,
1995M06,0,0,0,0,0,0,0,92.7,84.1,106.1,100.721,90.3,114.7,45.9,,6.7,
1995M07,0,0,0,0,0,0,0,94.4,87.4,105.2,100.7909,95,125,50.7,,7.1,
1995M08,0,0,0,0,0,0,0,96.2,86.1,111.8,100.7659,100.3,129.5,47.1,,6.7,
1995M09,0,0,0,0,0,0,0,88.9,78.8,104.6,100.6237,100.7,128.5,48.1,,6.8,
1995M10,0,0,0,0,0,0,0,90.2,80.8,104.8,100.4996,95.7,124.6,46.7,,7.1,
1995M11,0,0,0,0,0,0,0,88.2,79.7,101.3,100.4188,93.5,133.4,45.9,,6.6,
1995M12,0,0,0,0,0,0,0,91,83.7,102.4,100.3986,99.9,135.7,46.2,,6.1,
1996M01,0,0,0,0,0,0,0,89.3,78.7,105.8,100.4056,103.8,141.2,45.5,,6.7,
1996M02,0,0,0,0,0,0,0,88.5,77.8,105.2,100.4473,101.9,144.3,45.9,,6.7,
1996M03,0,0,0,0,0,0,0,93.7,86.2,105.4,100.5337,101.1,144.8,46.9,,6.6,
1996M04,0,0,0,0,0,0,0,92.7,83,107.8,100.5588,103.2,141.6,49.3,,5.7,
1996M05,0,0,0,0,0,0,0,89.4,79.2,105.1,100.5474,111.4,152.6,49.1,,6.7,
1996M06,0,0,0,0,0,0,0,92.4,84,105.4,100.5687,111.7,157.1,53.6,,7.1,
1996M07,0,0,0,0,0,0,0,94.7,86.5,107.5,100.6064,107.6,154.5,49.7,,6.7,
1996M08,0,0,0,0,0,0,0,95.3,87.3,107.8,100.6492,108.7,156.1,51.6,,6.6,
1996M09,0,0,0,0,0,0,0,94.7,90.1,102,100.6711,111.9,157.6,51.1,,6.7,
1996M10,0,0,0,0,0,0,0,96.5,89.9,106.6,100.6815,107.3,147.5,50.5,,6.4,
1996M11,0,0,0,0,0,0,0,99.2,93.9,107.5,100.6711,108.9,156.8,53,,6.4,
1996M12,0,0,0,0,0,0,0,96.9,91.8,104.9,100.6456,118.3,163.1,55.2,,6.4,
1997M01,0,0,0,0,0,0,0,97.4,91.3,106.8,100.6763,107.7,159.3,53.8,,6.2,
1997M02,0,0,0,0,0,0,0,99.7,94.9,107.2,100.7647,114.5,171.8,53.1,,6.2,
1997M03,0,0,0,0,0,0,0,100,93.6,109.8,100.8862,107.9,172.7,53.8,,6.4,
1997M04,0,0,0,0,0,0,0,101.4,92.5,115.2,101.042,115.8,169.3,53.7,,6.5,
1997M05,0,0,0,0,0,0,0,103.2,96.6,113.5,101.223,113.3,170.9,56.1,,6.8,
1997M06,0,0,0,0,0,0,0,104.5,98.9,113.2,101.3902,116.2,171.3,54.9,,6.6,
1997M07,0,0,0,0,0,0,0,107.1,102.6,114,101.4996,113.4,172.9,57.7,56.7,6.1,
1997M08,0,0,0,0,0,0,0,104.4,100.3,110.7,101.5224,106.8,172.6,56.3,62,6.0,
1997M09,0,0,0,0,0,0,0,106,100.7,114.1,101.505,96.8,170.7,53.9,56.2,6.2,
1997M10,0,0,0,0,0,0,0,105.6,102.8,109.8,101.4473,88.7,165.2,56.4,56.6,6.2,
1997M11,0,0,0,0,0,0,0,107.2,102.3,114.9,101.3967,99.5,166.7,55.7,58.5,6.4,
1997M12,0,0,0,0,0,0,0,102.1,96.1,111.4,101.3577,98.7,168.6,54.5,55.5,6.4,
1998M01,0,0,0,0,0,0,0,106.6,102.2,113.5,101.4158,99.6,172.9,53.8,57,7.4,
1998M02,0,0,0,0,0,0,0,110.4,104.2,120,101.5025,103.4,177.7,52.9,56.2,7.4,
1998M03,0,0,0,0,0,0,0,106.5,101.9,113.7,101.5397,105.5,176.6,52.9,54.7,7.5,
1998M04,0,0,0,0,0,0,0,108.7,104.3,115.5,101.5477,108.8,175.5,52.2,54.9,7.2,
1998M05,0,0,0,0,0,0,0,106.5,101.7,113.9,101.5111,111.3,177.2,50.9,56.2,6.9,
1998M06,0,0,0,0,0,0,0,105.6,99.3,115.4,101.446,114.9,175,48.9,55.1,6.8,
1998M07,0,0,0,0,0,0,0,105.2,100,113.3,101.3905,107.6,179.2,49.2,55.8,6.9,
1998M08,0,0,0,0,0,0,0,104.4,98.3,113.9,101.3184,109.2,176.3,49.3,53.5,6.8,
1998M09,0,0,0,0,0,0,0,100.9,93.9,111.7,101.2572,106.2,176.3,48.7,55,6.4,
1998M10,0,0,0,0,0,0,0,97.4,87.5,112.8,101.2619,101.5,173.9,48.7,53.8,6.2,
1998M11,0,0,0,0,0,0,0,102.7,94.3,115.9,101.3719,110.4,176.8,48.2,52.6,6.3,
1998M12,0,0,0,0,0,0,0,100.5,91.9,113.9,101.4894,115,181.7,46.8,52.9,5.8,
1999M01,0,0,0,0,0,0,0,103.9,95.7,116.8,101.6489,119.1,183.1,50.6,55.6,6.4,
1999M02,0,0,0,0,0,0,0,108.1,103.6,115,101.7509,114.6,180.1,51.7,54.4,6.3,
1999M03,0,0,0,0,0,0,0,105.7,99,116.3,101.7405,106.8,182.5,52.4,55.3,6.0,
1999M04,0,0,0,0,0,0,0,104.6,97.4,115.9,101.711,109.7,179.8,52.3,55.5,5.0,
1999M05,0,0,0,0,0,0,0,106.8,97.6,121.1,101.7316,118.7,183.6,54.3,55.3,4.8,
1999M06,0,0,0,0,0,0,0,107.3,99.8,118.9,101.7804,111.9,180.1,55.8,56.7,4.7,
1999M07,0,0,0,0,0,0,0,106,99.2,116.5,101.8197,113.7,186.8,53.6,56.2,4.8,
1999M08,0,0,0,0,0,0,0,104.5,98.4,114.1,101.8638,113.9,181.3,54.8,56.4,4.7,
1999M09,0,0,0,0,0,0,0,107.2,101.5,115.9,101.9342,115.9,182.5,57,56.2,4.1,
1999M10,0,0,0,0,0,0,0,103.2,97.1,112.7,102.013,108.4,176.8,57.2,57.6,4.4,
1999M11,0,0,0,0,0,0,0,107.2,101,116.8,102.1182,101.2,179.7,58.1,54.9,4.6,
1999M12,0,0,0,0,0,0,0,105.4,101.1,112.2,102.2257,96.9,176.1,57.8,56.9,4.2,
2000M01,0,0,0,0,0,0,0,112,108.6,117.3,102.3445,79.3,170.4,56.7,56.6,5.0,
2000M02,0,0,0,0,0,0,0,111.3,107.8,116.8,102.3578,70.7,167.1,55.8,56.2,4.5,
2000M03,0,0,0,0,0,0,0,107.1,101.7,115.4,102.3115,83.1,167.5,54.9,57.4,4.3,
2000M04,0,0,0,0,0,0,0,109.2,103.7,117.8,102.2946,79.1,156,54.7,58,4.8,
2000M05,0,0,0,0,0,0,0,110.7,104.8,119.9,102.2849,87.1,159.6,53.2,57.7,4.8,
2000M06,0,0,0,0,0,0,0,106.4,100.8,115.1,102.2485,93.5,156.8,51.4,56.9,4.8,
2000M07,0,0,0,0,0,0,0,108.3,104.5,114.2,102.2389,92.9,151.3,52.5,55.3,5.1,
2000M08,0,0,0,0,0,0,0,107.3,104,112.4,102.1742,93.7,144.5,49.9,57.6,5.2,
2000M09,0,0,0,0,0,0,0,106.8,103.4,112,102.0382,78.1,125.4,49.7,56.7,4.5,
2000M10,0,0,0,0,0,0,0,105.8,100.7,113.6,101.9388,70.7,107.2,48.7,56.7,4.8,
2000M11,0,0,0,0,0,0,0,107.6,101.6,116.9,101.8066,77.3,96.2,48.5,56.2,4.7,
2000M12,0,0,0,0,0,0,0,98.4,90.7,110.5,101.5863,92.4,97.8,43.9,54,4.4,
2001M01,0,0,0,0,0,0,0,94.7,86.4,107.7,101.3699,97.6,98.1,42.3,51.6,4.9,
2001M02,0,0,0,0,0,0,0,90.6,80.8,105.8,101.1917,94,96.4,42.1,51.3,5.0,
2001M03,0,0,0,0,0,0,0,91.5,83.9,103.4,101.0883,110.2,111.5,43.1,50.7,5.3,
2001M04,0,0,0,0,0,0,0,88.4,82.2,98,101.016,109.6,106.8,42.7,48.3,5.1,
2001M05,0,0,0,0,0,0,0,92,85.4,102.2,100.9671,109.7,111.2,41.3,49,4.5,
2001M06,0,0,0,0,0,0,0,92.6,86.9,101.6,100.9204,107.2,104.9,43.2,50.1,4.4,
2001M07,0,0,0,0,0,0,0,92.4,88.4,98.6,100.8182,96.1,99.4,43.5,48.1,5.6,
2001M08,0,0,0,0,0,0,0,91.5,85.2,101.2,100.6101,95.5,93.1,46.3,46.9,6.6,
2001M09,0,0,0,0,0,0,0,81.8,73.5,94.6,100.3409,97.2,88.5,46.2,49.5,7.0,
2001M10,0,0,0,0,0,0,0,82.7,75.5,94,100.2157,81.1,77.2,40.8,44.8,3.1,
2001M11,0,0,0,0,0,0,0,83.9,76.6,95.3,100.2823,89.3,78.3,44.1,48.2,3.5,
2001M12,0,0,0,0,0,0,0,88.8,82.3,99,100.4823,88.1,69.6,45.3,49.7,3.8,
2002M01,0,0,0,0,0,0,0,93,91.3,95.7,100.6697,81.1,75.3,47.5,48.8,5.7,
2002M02,0,0,0,0,0,0,0,90.7,87.2,96.2,100.8094,65.7,63.5,50.7,52.7,5.5,
2002M03,0,0,0,0,0,0,0,95.7,92.7,100.4,100.9265,61.4,61.4,52.4,52.8,5.6,
2002M04,0,0,0,0,0,0,0,93,89.1,99.2,100.957,84.8,75.2,52.4,53.5,5.5,
2002M05,0,0,0,0,0,0,0,96.9,92.7,103.5,100.9441,94.5,67.3,53.1,54.8,6.2,
2002M06,0,0,0,0,0,0,0,92.4,87.9,99.5,100.8216,96.4,64.2,53.6,52.5,6.2,
2002M07,0,0,0,0,0,0,0,88.1,81,99.3,100.6532,86.3,63,50.2,50.4,5.4,
2002M08,0,0,0,0,0,0,0,87.6,80.6,98.5,100.4909,94.9,62,50.3,50.9,5.4,
2002M09,0,0,0,0,0,0,0,86.1,79.9,95.8,100.3367,88.5,59.7,50.5,52.3,5.9,
2002M10,0,0,0,0,0,0,0,80.6,73.1,92.4,100.1677,91.5,67,49,51.4,5.8,
2002M11,0,0,0,0,0,0,0,84.2,78.5,93.1,100.0512,100.1,81,48.5,52.9,5.8,
2002M12,0,0,0,0,0,0,0,86.7,80.8,96,99.90701,107.4,76,51.6,52.3,5.4,
2003M01,0,0,0,0,0,0,0,82.4,72.8,97.2,99.70457,105.3,86.1,51.3,53.3,5.4,
2003M02,0,0,0,0,0,0,0,79.9,69.9,95.4,99.5312,91.9,83.3,48.8,52.6,5.3,
2003M03,0,0,0,0,0,0,0,77.6,69.6,90,99.52578,91.3,84.4,46.3,49.1,5.0,
2003M04,0,0,0,0,0,0,0,86,79.3,96.4,99.78223,94.8,90.4,46.1,50.1,5.1,
2003M05,0,0,0,0,0,0,0,92.1,91.4,93.2,100.0689,94.8,90.5,49,52.8,5.5,
2003M06,0,0,0,0,0,0,0,89.7,86.4,94.7,100.2415,100.8,105.9,49,54.3,5.3,
2003M07,0,0,0,0,0,0,0,90.9,83.7,102.1,100.3105,105.3,106.4,51,57.3,6.1,
2003M08,0,0,0,0,0,0,0,89.3,82.5,99.7,100.3012,97.3,100.7,53.2,59.1,5.9,
2003M09,0,0,0,0,0,0,0,87.7,80.8,98.4,100.3081,97.7,95.3,52.4,57.6,5.1,
2003M10,0,0,0,0,0,0,0,89.6,83,99.9,100.3844,92.2,94,55.2,58.7,5.3,
2003M11,0,0,0,0,0,0,0,93.7,88.1,102.5,100.528,90.2,96.3,58.4,57.5,5.3,
2003M12,0,0,0,0,0,0,0,92.6,89.8,97,100.6801,100.7,105.7,60.1,56.8,5.2,
2004M01,0,0,0,0,0,0,0,103.8,100.1,109.5,100.8362,100.4,112.1,60.8,61.2,4.9,
2004M02,0,0,0,0,0,0,0,94.4,88.5,103.6,100.8238,96.1,116.8,59.9,58,4.9,
2004M03,0,0,0,0,0,0,0,95.8,88.8,106.8,100.7749,93.7,117,60.6,58.3,4.7,
2004M04,0,0,0,0,0,0,0,94.2,87.3,105,100.728,86.7,113.8,60.6,59.6,5.1,
2004M05,0,0,0,0,0,0,0,90.2,81.6,103.6,100.7014,93.4,117.8,61.4,58.5,5.1,
2004M06,0,0,0,0,0,0,0,95.6,88.5,106.7,100.7461,96.4,120.8,60.5,58.6,5.6,
2004M07,0,0,0,0,0,0,0,96.7,91.2,105.2,100.8075,93.2,119.3,59.9,58.5,5.0,
2004M08,0,0,0,0,0,0,0,95.9,88.2,107.9,100.807,93.3,123.8,58.5,57.3,5.0,
2004M09,0,0,0,0,0,0,0,94.2,88,103.7,100.7754,72.3,110.4,57.4,57.9,4.4,
2004M10,0,0,0,0,0,0,0,91.7,83.8,104,100.7741,70.1,107.8,56.3,58.8,4.3,
2004M11,0,0,0,0,0,0,0,92.8,85.2,104.7,100.8272,88.4,113.2,56.2,58.4,3.8,
2004M12,0,0,0,0,0,0,0,97.1,90.9,106.7,100.9236,92.6,120.7,57.2,59.6,6.6,
2005M01,0,0,0,0,0,0,0,95.5,85.7,110.9,101.0008,92.1,128.8,56.8,58,3.2,
2005M02,0,0,0,0,0,0,0,94.1,84.4,109.2,100.9778,84.2,130.3,55.5,59.4,2.9,
2005M03,0,0,0,0,0,0,0,92.6,82.8,108,100.8408,90.3,133.3,55.2,58,3.1,
2005M04,0,0,0,0,0,0,0,87.7,77,104.4,100.692,92.3,136.2,52.2,55.6,2.7,
2005M05,0,0,0,0,0,0,0,86.9,75.3,104.9,100.6369,85.1,134.1,50.8,55.3,3.2,
2005M06,0,0,0,0,0,0,0,96,85,113.2,100.6819,87.5,132.2,52.4,58.1,2.6,
2005M07,0,0,0,0,0,0,0,96.5,85.5,113.5,100.6429,88.9,134.2,52.8,59.5,2.1,
2005M08,0,0,0,0,0,0,0,89.1,76.9,108.2,100.424,84.4,123.9,52.4,61.3,2.6,
2005M09,0,0,0,0,0,0,0,76.9,63.3,98.1,100.1559,91,128.3,56.8,55.7,2.7,
2005M10,0,0,0,0,0,0,0,74.2,63.2,91.2,100.1274,91.9,125.1,57.2,57.4,2.9,
2005M11,0,0,0,0,0,0,0,81.6,69.6,100.2,100.3637,91.9,125.4,56.7,59.1,3.2,
2005M12,0,0,0,0,0,0,0,91.5,80.2,109.1,100.7001,96.3,130.5,55.1,59,3.1,
2006M01,0,0,0,0,0,0,0,91.2,78.9,110.3,100.9325,94.4,133.9,55,56.3,3.7,
2006M02,0,0,0,0,0,0,0,86.7,74.5,105.6,100.9799,93.8,137.1,55.8,57.6,3.9,
2006M03,0,0,0,0,0,0,0,88.9,76,109.1,100.9402,87.9,138.5,54.3,56.9,4.1,
2006M04,0,0,0,0,0,0,0,87.4,73.4,109.2,100.83,88.2,133.5,55.2,58.4,3.8,
2006M05,0,0,0,0,0,0,0,79.1,68.2,96.1,100.6503,90.1,136.1,53.7,57,3.6,
2006M06,0,0,0,0,0,0,0,84.9,72,105,100.555,88.8,129.9,52,55.2,3.7,
2006M07,0,0,0,0,0,0,0,84.7,72.5,103.5,100.5307,94.4,138.3,53,55.6,3.1,
2006M08,0,0,0,0,0,0,0,82,68,103.8,100.559,89.2,130.1,53.7,53.9,3.3,
2006M09,0,0,0,0,0,0,0,85.4,78.2,96.6,100.7048,85,121.2,52.2,54.5,3.2,
2006M10,0,0,0,0,0,0,0,93.6,84.8,107.3,100.9182,80,118,51.4,54.9,3.2,
2006M11,0,0,0,0,0,0,0,92.1,83.2,106,101.0402,69.1,115.7,50.3,54.5,3.6,
2006M12,0,0,0,0,0,0,0,91.7,81.2,108.1,101.0987,75.8,112.9,51.4,53.7,3.5,
2007M01,0,0,0,0,0,0,0,96.9,87.6,111.3,101.1086,69.3,114.3,50.4,55.4,3.2,
2007M02,0,0,0,0,0,0,0,91.3,81.5,106.7,101.0434,58,104,54.1,54.2,3.6,
2007M03,0,0,0,0,0,0,0,88.4,78.7,103.5,100.9643,49.4,90.6,52.8,52.1,3.9,
2007M04,0,0,0,0,0,0,0,87.1,75.9,104.6,100.9411,50,81.9,52.7,53.4,3.8,
2007M05,0,0,0,0,0,0,0,88.3,77.6,105.1,100.9584,47.3,74.2,53.1,54.3,3.6,
2007M06,0,0,0,0,0,0,0,85.3,74.7,101.9,100.9331,41.4,65.4,54,54.9,3.5,
2007M07,0,0,0,0,0,0,0,90.4,81.5,104.5,100.8864,42.7,65.8,51.8,53.6,3.4,
2007M08,0,0,0,0,0,0,0,83.4,73.7,98.4,100.7224,54.1,65,52.2,52.7,3.1,
2007M09,0,0,0,0,0,0,0,83.4,74.1,97.9,100.5122,61.5,61.1,53.8,52.6,3.1,
2007M10,0,0,0,0,0,0,0,80.9,70.1,97.6,100.259,35.7,43.5,52.8,53.6,3.0,
2007M11,0,0,0,0,0,0,0,76.1,66.2,91.5,99.9706,46.2,42.3,51.5,52.8,2.8,
2007M12,0,0,0,0,0,0,0,75.5,65.6,91,99.74594,44.2,30.2,50.1,52.5,3.2,
2008M01,0,0,0,0,0,0,0,78.4,68.1,94.4,99.51384,42.5,29.7,50.9,44.8,3.2,
2008M02,0,0,0,0,0,0,0,70.8,62.4,83.8,99.19123,27.3,22.3,48.8,49.9,3.6,
2008M03,0,0,0,0,0,0,0,69.5,60.1,84.2,98.80675,30.2,21.9,49.7,49.4,3.4,
2008M04,0,0,0,0,0,0,0,62.6,53.3,77,98.32884,51,25.5,48.5,51.9,2.9,
2008M05,0,0,0,0,0,0,0,59.8,51.1,73.3,97.85762,71.5,29.7,48.9,51.5,7.3,
2008M06,0,0,0,0,0,0,0,56.4,49.2,67.6,97.49364,65.5,25,49.9,48.1,5.1,
2008M07,0,0,0,0,0,0,0,61.2,53.5,73.1,97.38885,63.4,23.3,50.8,50.1,4.0,
2008M08,0,0,0,0,0,0,0,63,57.9,71,97.47665,73.8,25.4,50.1,50.6,3.5,
2008M09,0,0,0,0,0,0,0,70.3,67.2,75,97.47861,73.7,23,47.2,49.4,4.3,
2008M10,0,0,0,0,0,0,0,57.6,57,58.4,97.18391,67,21.1,38.2,44.7,5.2,
2008M11,0,0,0,0,0,0,0,55.3,53.9,57.5,96.91701,70.3,21.2,39,37.8,6.3,
2008M12,0,0,0,0,0,0,0,60.1,54,69.5,96.77016,75.9,20.2,34.5,40,6.2,
2009M01,0,0,0,0,0,0,0,61.2,57.8,66.5,96.7039,77.3,25.2,36.4,43,6.2,
2009M02,0,0,0,0,0,0,0,56.3,50.5,65.5,96.71537,62.9,21.7,36.6,41.6,5.6,
2009M03,0,0,0,0,0,0,0,57.3,53.5,63.3,96.96117,70.4,25.2,37.2,40.1,5.9,
2009M04,0,0,0,0,0,0,0,65.1,63.1,68.3,97.44707,77.4,28.2,39.9,43.7,6.6,
2009M05,0,0,0,0,0,0,0,68.7,69.4,67.7,97.9312,84.6,29.8,44.1,44.4,7.9,
2009M06,0,0,0,0,0,0,0,70.8,69.2,73.2,98.29217,72.7,26.8,46.3,46.4,6.2,
2009M07,0,0,0,0,0,0,0,66,63.2,70.5,98.52478,67.5,26.4,49.7,47.1,5.5,
2009M08,0,0,0,0,0,0,0,65.7,65,66.6,98.73898,72,24.9,53.4,48.9,4.5,
2009M09,0,0,0,0,0,0,0,73.5,73.5,73.4,98.9642,65.5,23.3,54.9,50.1,5.6,
2009M10,0,0,0,0,0,0,0,70.6,68.6,73.7,99.06335,67.5,23.5,57.6,51,5.2,
2009M11,0,0,0,0,0,0,0,67.4,66.5,68.8,99.09332,79.9,24.7,55.4,49.5,5.6,
2009M12,0,0,0,0,0,0,0,72.5,68.9,78,99.1617,86.5,28.8,55.8,49.7,5.6,
2010M01,0,0,0,0,0,0,0,74.4,70.1,81.1,99.23739,87.3,31.1,56.3,50,5.9,
2010M02,0,0,0,0,0,0,0,73.6,68.4,81.8,99.25607,97.5,33.8,55.5,51.7,5.6,
2010M03,0,0,0,0,0,0,0,73.6,67.9,82.4,99.26062,81.3,37.5,58.8,53.3,5.6,
2010M04,0,0,0,0,0,0,0,72.2,66.5,81,99.24883,83.2,40.2,58.1,55.3,6.2,
2010M05,0,0,0,0,0,0,0,73.6,68.8,81,99.20448,76.7,39.3,57.4,55.5,6.7,
2010M06,0,0,0,0,0,0,0,76,69.8,85.6,99.15626,71.6,36.6,56.5,54.4,6.5,
2010M07,0,0,0,0,0,0,0,67.8,62.3,76.5,99.10433,74.9,35.7,56.1,54.6,6.4,
2010M08,0,0,0,0,0,0,0,68.9,62.9,78.3,99.1206,52.4,34.3,56.4,52.4,6.5,
2010M09,0,0,0,0,0,0,0,68.2,60.9,79.6,99.14477,55.1,33.3,55.3,53.3,6.5,
2010M10,0,0,0,0,0,0,0,67.7,61.9,76.6,99.18876,50,27.1,56.9,55.3,6.3,
2010M11,0,0,0,0,0,0,0,71.6,64.8,82.1,99.27261,66.4,38.3,57.3,56.4,6.1,
2010M12,0,0,0,0,0,0,0,74.5,67.5,85.3,99.30904,77,46.5,56.6,56.9,6.5,
2011M01,0,0,0,0,0,0,0,74.2,69.3,81.8,99.27017,76.7,38.8,59.1,57.6,6.9,
2011M02,0,0,0,0,0,0,0,77.5,71.6,86.9,99.1599,88.4,46.4,59.2,58,7.2,
2011M03,0,0,0,0,0,0,0,67.5,57.9,82.5,98.92869,82.5,49.9,58.4,55.8,6.6,
2011M04,0,0,0,0,0,0,0,69.8,61.6,82.5,98.79563,80.4,51.2,57.9,55.2,6.6,
2011M05,0,0,0,0,0,0,0,74.3,69.5,81.9,98.7874,77.3,44.9,54.8,55,6.5,
2011M06,0,0,0,0,0,0,0,71.5,64.7,82,98.69659,73.4,46.6,55.8,54.2,6.7,
2011M07,0,0,0,0,0,0,0,63.7,55.9,75.7,98.44305,78.4,45.9,52.9,53.5,6.9,
2011M08,0,0,0,0,0,0,0,55.8,47.6,68.5,98.13927,71.1,46.5,52.6,53.5,6.9,
2011M09,0,0,0,0,0,0,0,59.5,49.4,75.2,98.01848,81.5,48.7,53.7,52.3,6.5,
2011M10,0,0,0,0,0,0,0,60.8,51.7,74.9,98.03896,84,56.7,51.4,52.8,6.5,
2011M11,0,0,0,0,0,0,0,63.7,54.9,77.4,98.18469,80.9,57.4,51.8,52.9,6.6,
2011M12,0,0,0,0,0,0,0,69.9,63.6,79.6,98.37943,68.1,64.6,53,52.6,7.5,
2012M01,0,0,0,0,0,0,0,75,69.1,84.2,98.59568,59.9,56.2,54.2,57.3,7.8,
2012M02,0,0,0,0,0,0,0,75.3,70.3,83,98.75391,72.4,61.4,53.3,55.9,7.8,
2012M03,0,0,0,0,0,0,0,76.2,69.8,86,98.83225,63.7,59.2,53.5,55.6,8.2,
2012M04,0,0,0,0,0,0,0,76.4,72.3,82.9,98.83693,74.3,61,55.2,55.3,8.5,
2012M05,0,0,0,0,0,0,0,79.3,74.3,87.2,98.80506,80.6,64.8,53.2,55.1,8.6,
2012M06,0,0,0,0,0,0,0,73.2,67.8,81.5,98.70222,91.1,68.7,49.5,53.6,8.6,
2012M07,0,0,0,0,0,0,0,72.3,65.6,82.7,98.63507,86,73.6,49.6,52.1,7.8,
2012M08,0,0,0,0,0,0,0,74.3,65.1,88.7,98.62212,89,70.9,49,52.1,7.6,
2012M09,0,0,0,0,0,0,0,78.3,73.5,85.7,98.6633,84.7,73.5,50.8,53.8,8.1,
2012M10,0,0,0,0,0,0,0,82.6,79,88.1,98.7283,72.2,72.6,50.5,54.3,8.7,
2012M11,0,0,0,0,0,0,0,82.7,77.7,90.6,98.73952,71.1,73.5,48,53.9,9.5,
2012M12,0,0,0,0,0,0,0,72.9,63.8,87,98.69035,79,75.3,50.1,55.7,11.6,
2013M01,0,0,0,0,0,0,0,73.8,66.6,85,98.76794,80.8,77.3,53.3,55.9,5.9,
2013M02,0,0,0,0,0,0,0,77.6,70.2,89,98.89589,76.5,81,54.2,56.6,5.6,
2013M03,0,0,0,0,0,0,0,78.6,70.8,90.7,99.01604,84.8,82.5,51.9,55.9,5.9,
2013M04,0,0,0,0,0,0,0,76.4,67.8,89.9,99.1291,83.9,78.5,51,54.3,6.2,
2013M05,0,0,0,0,0,0,0,84.5,75.8,98,99.282,83.5,80.3,50.8,54.8,6.4,
2013M06,0,0,0,0,0,0,0,84.1,77.8,93.8,99.4151,86.4,86.3,51.1,53.6,6.5,
2013M07,0,0,0,0,0,0,0,85.1,76.5,98.6,99.51945,91.9,87.9,53.8,55.2,6.3,
2013M08,0,0,0,0,0,0,0,82.1,73.7,95.2,99.52956,93.1,93.9,54,55.3,6.4,
2013M09,0,0,0,0,0,0,0,77.5,67.8,92.6,99.47154,86.4,93,54.6,53.6,6.5,
2013M10,0,0,0,0,0,0,0,73.2,62.5,89.9,99.39301,93.8,94.4,54.6,53.9,6.0,
2013M11,0,0,0,0,0,0,0,75.1,66.8,88,99.41893,89.3,93.7,55.5,53.1,5.8,
2013M12,0,0,0,0,0,0,0,82.5,72.1,98.6,99.50521,88.5,99.9,56.5,53.5,6.0,
2014M01,0,0,0,0,0,0,0,81.2,71.2,96.8,99.56406,97,113.9,52.5,55.2,6.7,
2014M02,0,0,0,0,0,0,0,81.6,72.7,95.4,99.61658,90,112.1,55,53.4,6.6,
2014M03,0,0,0,0,0,0,0,80,70,95.7,99.71342,96,109.5,55.9,54.9,6.7,
2014M04,0,0,0,0,0,0,0,84.1,74.7,98.7,99.83037,87.1,105.1,56.6,55.7,6.9,
2014M05,0,0,0,0,0,0,0,81.9,73.7,94.5,99.88539,86.2,107.1,55.7,56,7.1,
2014M06,0,0,0,0,0,0,0,82.5,73.5,96.6,99.89548,92.8,110.3,55,56.8,7.1,
2014M07,0,0,0,0,0,0,0,81.8,71.8,97.4,99.86429,82.3,104,55.1,56.9,7.2,
2014M08,0,0,0,0,0,0,0,82.5,71.3,99.8,99.84016,91.6,115.8,56.3,58,7.0,
2014M09,0,0,0,0,0,0,0,84.6,75.4,98.9,99.85101,90.8,120.3,55.7,57.3,7.2,
2014M10,0,0,0,0,0,0,0,86.9,79.6,98.3,99.90665,88.7,114.6,56.2,55.8,7.1,
2014M11,0,0,0,0,0,0,0,88.8,79.9,102.7,100.0198,80.4,110.9,56.3,58.2,7.3,
2014M12,0,0,0,0,0,0,0,93.6,86.4,104.8,100.2194,83,116.4,55.7,57.2,7.7,
2015M01,0,0,0,0,0,0,0,98.1,91,109.3,100.4387,85.3,116.6,53.9,56.2,8.0,
2015M02,0,0,0,0,0,0,0,95.4,88,106.9,100.5823,79.9,115,53,57.6,8.1,
2015M03,0,0,0,0,0,0,0,93,85.3,105,100.6482,83.6,114.9,52.1,58.4,7.7,
2015M04,0,0,0,0,0,0,0,95.9,88.8,107,100.6496,79.7,117.1,51.9,57.5,7.6,
2015M05,0,0,0,0,0,0,0,90.7,84.2,100.8,100.5798,78.5,113.2,52.9,56.7,7.5,
2015M06,0,0,0,0,0,0,0,96.1,87.8,108.9,100.5225,84.6,116.6,52.5,55.7,7.4,
2015M07,0,0,0,0,0,0,0,93.1,84.1,107.2,100.4042,82,118.8,52,60.1,7.3,
2015M08,0,0,0,0,0,0,0,91.9,83.4,105.1,100.306,86.1,125.3,50.2,58.6,7.3,
2015M09,0,0,0,0,0,0,0,87.2,78.2,101.2,100.2734,87.2,127.9,50.1,56.1,7.4,
2015M10,0,0,0,0,0,0,0,90,82.1,102.3,100.3834,86,123.1,49.1,56.9,7.5,
2015M11,0,0,0,0,0,0,0,91.3,82.9,104.3,100.5274,94.4,132,49.1,56.1,7.3,
2015M12,0,0,0,0,0,0,0,92.6,82.7,108.1,100.5767,106.4,123.5,48.7,55.3,7.4,
2016M01,0,0,0,0,0,0,0,92,82.7,106.4,100.5079,99.3,130,47.6,53.8,7.7,
2016M02,0,0,0,0,0,0,0,91.7,81.9,106.8,100.3966,103.9,134.4,49.2,52.8,7.2,
2016M03,0,0,0,0,0,0,0,91,81.5,105.6,100.3345,112.3,143.9,51,55.4,7.6,
2016M04,0,0,0,0,0,0,0,89,77.6,106.7,100.342,105.4,140.3,51.3,55.2,7.2,
2016M05,0,0,0,0,0,0,0,94.7,84.9,109.9,100.3966,102.3,140.6,51.4,54.1,6.9,
2016M06,0,0,0,0,0,0,0,93.5,82.4,110.8,100.3839,99.6,143.9,52.2,55.8,6.6,
2016M07,0,0,0,0,0,0,0,90,77.8,109,100.3028,103,145.4,52.7,56.2,6.8,
2016M08,0,0,0,0,0,0,0,89.8,78.7,107,100.2865,101.7,148.4,49.8,52.6,6.8,
2016M09,0,0,0,0,0,0,0,91.2,82.7,104.2,100.324,103,146.9,51.1,55.4,6.8,
2016M10,0,0,0,0,0,0,0,87.2,76.8,103.2,100.3649,109,152,51.8,54.3,6.9,
2016M11,0,0,0,0,0,0,0,93.8,85.2,107.3,100.4442,111,154.9,53.2,56.4,7.0,
2016M12,0,0,0,0,0,0,0,98.2,89.5,111.9,100.5083,100.8,156.5,54.4,55.8,6.5,
2017M01,0,0,0,0,0,0,0,98.5,90.3,111.3,100.5094,104,154.7,55.7,57,6.9,
2017M02,0,0,0,0,0,0,0,96.3,86.5,111.5,100.5368,109.2,161.2,57.7,56.6,7.2,
2017M03,0,0,0,0,0,0,0,96.9,86.5,113.2,100.6442,106.2,158.1,56.5,56.2,7.2,
2017M04,0,0,0,0,0,0,0,97,87,112.7,100.7602,104.3,157.5,55.8,57.2,7.3,
2017M05,0,0,0,0,0,0,0,97.1,87.7,111.7,100.8376,107.2,161.2,56.4,57.4,7.8,
2017M06,0,0,0,0,0,0,0,95,83.8,112.4,100.8643,104,161.7,56.2,56.8,7.5,
2017M07,0,0,0,0,0,0,0,93.4,80.5,113.4,100.8937,102.4,166.1,56.5,55.4,7.6,
2017M08,0,0,0,0,0,0,0,96.8,87.7,110.9,100.9524,109.3,172.8,58.4,55.8,7.6,
2017M09,0,0,0,0,0,0,0,95.1,84.4,111.7,101.0229,112.5,169.4,60,58.1,7.3,
2017M10,0,0,0,0,0,0,0,100.7,90.5,116.5,101.1104,115.1,171.9,58.6,60.4,7.4,
2017M11,0,0,0,0,0,0,0,98.5,88.9,113.5,101.1376,112.3,172.7,57.6,57.1,6.9,
2017M12,0,0,0,0,0,0,0,95.9,84.3,113.8,101.1321,97.7,169.9,59.7,56.3,6.3,
2018M01,0,0,0,0,0,0,0,95.7,86.3,110.5,101.1354,89.4,170.2,59.4,60,7.1,
2018M02,0,0,0,0,0,0,0,99.7,90,114.9,101.156,103.8,172.8,60.9,58.5,7.2,
2018M03,0,0,0,0,0,0,0,101.4,88.8,121.2,101.1712,98.3,163,58.8,58.2,7.2,
2018M04,0,0,0,0,0,0,0,98.8,88.4,114.9,101.1597,102.7,169,58.6,57.6,7.2,
2018M05,0,0,0,0,0,0,0,98,89.1,111.8,101.1524,105,170.7,59,58,7.2,
2018M06,0,0,0,0,0,0,0,98.2,86.3,116.5,101.1634,97.6,164.3,59.9,58.5,7.4,
2018M07,0,0,0,0,0,0,0,97.9,87.3,114.4,101.1741,112.4,170.9,58.1,57.5,7.5,
2018M08,0,0,0,0,0,0,0,96.2,87.1,110.3,101.1118,106.4,176,60.5,59.5,7.6,
2018M09,0,0,0,0,0,0,0,100.1,90.5,115.2,101.0264,96.8,170.6,59.3,60.4,7.7,
2018M10,0,0,0,0,0,0,0,98.6,89.3,113.1,100.923,94.5,173.5,58.1,60.8,7.6,
2018M11,0,0,0,0,0,0,0,97.5,88.1,112.3,100.8111,100.3,166.6,58.6,60.1,7.5,
2018M12,0,0,0,0,0,0,0,98.3,87,116.1,100.7313,100,170.5,54.9,58.1,9.4,
2019M01,0,0,0,0,0,0,0,91.2,79.9,108.8,100.7063,101.4,173.9,55.7,56.5,9.3,
2019M02,0,0,0,0,0,0,0,93.8,84.4,108.5,100.783,108.1,169.3,54.4,59.1,9.5,
2019M03,0,0,0,0,0,0,0,98.4,88.8,113.3,100.8776,86.8,166.7,54.9,56.5,9.1,
2019M04,0,0,0,0,0,0,0,97.2,87.4,112.3,100.8985,94.3,73,53.6,55.3,8.9,
2019M05,0,0,0,0,0,0,0,100,93.5,110,100.8688,97.6,68.4,52.6,56.1,8.6,
2019M06,0,0,0,0,0,0,0,98.2,89.3,111.9,100.7711,106.1,86.7,51.5,55.2,8.5,
2019M07,0,0,0,0,0,0,0,98.4,90.5,110.7,100.6314,88.9,95.9,51,54.4,8.4,
2019M08,0,0,0,0,0,0,0,89.8,79.9,105.3,100.4643,86.6,85.8,48.5,56,8.7,
2019M09,0,0,0,0,0,0,0,93.2,83.4,108.5,100.431,102.9,98.9,48.1,53.2,8.9,
2019M10,0,0,0,0,0,0,0,95.5,84.2,113.2,100.4962,98.2,106.2,48.1,54.8,8.9,
2019M11,0,0,0,0,0,0,0,96.8,87.3,111.6,100.6381,84.3,105.9,48.1,53.6,8.9,
2019M12,0,0,0,0,0,0,0,99.3,88.9,115.5,100.7464,87,87.2,47.9,55.7,8.3,
2020M01,0,0,1.322580645,0.225806452,0.000290323,0,0,99.8,90.5,114.4,100.6826,88.1,85.5,51.4,56,9.1,
2020M02,5.368275862,0,13.86206897,0.586206897,0.001344828,0.034482759,0.000103448,101,92.1,114.8,100.1868,95.4,95,50.3,56.9,9.3,
2020M03,45.77451613,0,36175.96774,6195.290323,12.16183871,172.8387097,0.513,89.1,79.7,103.7,99.10938,111.9,119.4,49.1,52.8,13.8,
2020M04,72.69,0,666100.0667,29632,86.36143333,2042.466667,6.060766667,71.8,70.1,74.3,97.9528,107.9,131.9,41.6,41.5,33.8,
2020M05,72.69,0,1465070.29,22900.45161,69.60987097,1329.387097,3.944774194,72.3,65.9,82.3,97.59284,100.9,148.7,43.5,45.2,24.9,
2020M06,70.71133333,0,2163575,28598.4,77.87033333,652.4,1.9359,78.1,72.3,87.1,97.80341,108.5,159.6,52.4,56.8,20.1,
2020M07,68.26387097,0,3589531.065,61313.3871,176.2104194,855.0645161,2.537258065,72.5,65.9,82.8,98.08163,103.8,157.2,53.9,57,19.2,
2020M08,67.13,0,5377182.935,48327.74194,150.6890323,930.1290323,2.760032258,74.1,68.5,82.9,98.33209,92.8,148.9,55.4,57.4,15.5,
2020M09,64.19766667,0,6660195.3,39997.86667,118.6069667,772.6333333,2.292733333,80.4,75.6,87.8,98.54448,86.7,144.3,55.4,57.7,14.6,
2020M10,64.0516129,0,8117470.065,62238.87097,170.3410323,792.0322581,2.350290323,81.8,79.2,85.9,98.61752,89,145.5,58.8,56.1,14.0,
2020M11,69.62866667,0,11309508.17,149732.3,423.2561,1332,3.9525,76.9,70.5,87,98.62439,90.2,144.4,57.3,56.5,13.3,
2020M12,71.87935484,0.003225806,17067318.03,211372.6452,607.4162903,2583.709677,7.66683871,80.7,74.6,90,98.74792,95.4,144.8,60.5,57.8,13.8,
2021M01,71.76,0.873870968,23694591.48,197988.6129,611.8102581,3096,9.187,79,74,86.7,98.90364,88.8,144.5,59.4,58.5,20.0,
2021M02,68.32428571,5.5775,27764482.71,85987.07143,279.7369286,2328.178571,6.908607143,76.8,70.7,86.2,99.20237,80.8,143,60.9,55.9,13.4,
2021M03,62.77806452,14.0716129,29684396.55,58562.93548,174.8960645,1182.935484,3.510258065,84.9,79.7,93,99.64325,76.7,153.8,63.7,62.2,26.3,
2021M04,55.26066667,27.36966667,31608154.23,62952.2,189.6535667,794.3666667,2.3572,88.3,82.7,97.2,99.98928,79,152.9,60.6,62.7,12.8,
2021M05,55.99580645,40.36806452,33029592.65,29627.80645,99.7616129,585.2580645,1.736645161,82.9,78.8,89.4,100.2453,73.7,147.4,61.6,63.2,10.3,
2021M06,57.646,47.25733333,33607782.5,13198.83333,39.5641,347.7666667,1.031933333,85.5,83.5,88.6,100.3997,65.8,147.2,60.9,60.7,9.3,
2021M07,49.45806452,50.42419355,34250669.84,42743.58065,103.5699677,283.8064516,0.842193548,81.2,79,84.5,100.2874,65.6,139.7,59.9,64.1,9.9,
2021M08,51.8283871,52.83064516,37142058.87,138329.129,391.4531613,910.2580645,2.701032258,70.3,65.1,78.5,100.0248,75.8,145.3,59.7,62.2,9.5,
2021M09,52.39333333,56.04833333,41690655.03,138172.5,423.7916,1970.866667,5.8484,72.8,68.1,80.1,99.83708,79.5,150.2,60.5,62.6,7.9,
2021M10,52.23419355,58.49612903,44949031.68,81097.3871,255.6532581,1549.483871,4.59783871,71.7,67.9,77.7,99.63086,78.1,138.9,60.8,66.7,7.3,
2021M11,51.49833333,60.08733333,47348965.67,85092.6,241.4469,1153.433333,3.422666667,67.4,63.5,73.6,99.38901,,,60.6,68.4,7.1,
2021M12,48.86451613,62.29419355,50940719.84,203276.6774,488.658129,1485.290323,4.407483871,70.6,68.3,74.2,99.15061,,,58.8,62.3,7.5,
2022M01,46.80870968,63.96258065,66048933.1,656657.4194,1975.198129,2044.516129,6.066967742,67.2,64.1,72,98.82468,,,57.6,59.9,4.7,
2022M02,45.23857143,65.19571429,77918353.79,140684,525.9825,2194.25,6.511178571,62.8,59.4,68.2,98.36519,,,58.6,56.5,4.5,
2022M03,36.20483871,65.84225806,79776388.84,33575.77419,107.9136774,1061.258065,3.149193548,59.4,54.3,67.2,97.82266,,,57.1,58.3,3.8,
2022M04,29.25933333,66.302,80801298.4,41492.36667,116.1531667,436.3,1.2947,65.2,62.5,69.4,97.42762,,,55.4,57.1,3.7,
2022M05,26.99967742,66.71032258,82890040.9,92298.80645,266.3954194,355.0967742,1.053677419,58.4,55.2,63.3,97.04895,,,56.1,55.9,3.6,
2022M06,31.30666667,67.026,86087278.3,111589.9333,314.5408,364.7586207,1.08237931,50,47.5,53.8,96.66914,,,53,55.3,3.0,
2022M07,31.06290323,67.28129032,89555943.19,118378,364.5719677,409.8064516,1.216129032,51.5,47.3,58.1,96.4656,,,52.8,56.7,3.5,
2022M08,28.5016129,67.56774194,93142267.74,102718.6129,305.3554516,548.1,1.626433333,58.2,58,58.6,96.46474,,,52.8,56.9,3.4,
2022M09,25.65333333,67.83633333,95549486.7,61096.63333,190.4993,439.1,1.303,58.6,58,59.7,96.46326,,,50.9,56.7,3.1,
2022M10,,,,,,,,59.8,56.2,65.3,101.6471,,,,,,
2022M11,,,,,,,,,,,101.3784,,,,,,
2022M12,,,,,,,,,,,101.1461,,,,,,
,,,,,,,,,,,101.0181,,,,,,
,,,,,,,,,,,101.0504,,,,,,
,,,,,,,,,,,101.1419,,,,,,
,,,,,,,,,,,101.1613,,,,,,
,,,,,,,,,,,101.015,,,,,,
,,,,,,,,,,,100.7884,,,,,,
,,,,,,,,,,,100.6001,,,,,,
,,,,,,,,,,,100.5391,,,,,,
,,,,,,,,,,,100.5611,,,,,,
,,,,,,,,,,,100.6118,,,,,,
,,,,,,,,,,,100.6657,,,,,,
,,,,,,,,,,,100.7375,,,,,,
,,,,,,,,,,,100.8646,,,,,,
,,,,,,,,,,,101.0719,,,,,,
,,,,,,,,,,,101.2824,,,,,,
,,,,,,,,,,,101.3834,,,,,,
,,,,,,,,,,,101.2912,,,,,,
,,,,,,,,,,,101.1239,,,,,,
,,,,,,,,,,,101.04,,,,,,
,,,,,,,,,,,101.1516,,,,,,
,,,,,,,,,,,101.3546,,,,,,
,,,,,,,,,,,101.4995,,,,,,
,,,,,,,,,,,101.4711,,,,,,
,,,,,,,,,,,101.3259,,,,,,
,,,,,,,,,,,101.1367,,,,,,
,,,,,,,,,,,100.9531,,,,,,
,,,,,,,,,,,100.8067,,,,,,
,,,,,,,,,,,100.7388,,,,,,
,,,,,,,,,,,100.7912,,,,,,
,,,,,,,,,,,100.9188,,,,,,
,,,,,,,,,,,101.076,,,,,,
,,,,,,,,,,,101.2287,,,,,,
,,,,,,,,,,,101.336,,,,,,
,,,,,,,,,,,101.3371,,,,,,
,,,,,,,,,,,101.1828,,,,,,
,,,,,,,,,,,100.9743,,,,,,
,,,,,,,,,,,100.8427,,,,,,
,,,,,,,,,,,100.8827,,,,,,
,,,,,,,,,,,101.0108,,,,,,
,,,,,,,,,,,101.1168,,,,,,
,,,,,,,,,,,101.1289,,,,,,
,,,,,,,,,,,101.0996,,,,,,
,,,,,,,,,,,101.1124,,,,,,
,,,,,,,,,,,101.2284,,,,,,
,,,,,,,,,,,101.392,,,,,,
,,,,,,,,,,,101.524,,,,,,
,,,,,,,,,,,101.5662,,,,,,
,,,,,,,,,,,101.5591,,,,,,
,,,,,,,,,,,101.5579,,,,,,
,,,,,,,,,,,101.5993,,,,,,
,,,,,,,,,,,101.6618,,,,,,
,,,,,,,,,,,101.7095,,,,,,
,,,,,,,,,,,101.7167,,,,,,
,,,,,,,,,,,101.7053,,,,,,
,,,,,,,,,,,101.7092,,,,,,
,,,,,,,,,,,101.7575,,,,,,
,,,,,,,,,,,101.8411,,,,,,
,,,,,,,,,,,101.9512,,,,,,
,,,,,,,,,,,102.0811,,,,,,
,,,,,,,,,,,102.2023,,,,,,
,,,,,,,,,,,102.274,,,,,,
,,,,,,,,,,,102.2609,,,,,,
,,,,,,,,,,,102.2012,,,,,,
,,,,,,,,,,,102.1372,,,,,,
,,,,,,,,,,,102.0935,,,,,,
,,,,,,,,,,,102.0589,,,,,,
,,,,,,,,,,,102.0097,,,,,,
,,,,,,,,,,,101.9238,,,,,,
,,,,,,,,,,,101.8095,,,,,,
,,,,,,,,,,,101.6723,,,,,,
,,,,,,,,,,,101.511,,,,,,
,,,,,,,,,,,101.3356,,,,,,
,,,,,,,,,,,101.1528,,,,,,
,,,,,,,,,,,100.9654,,,,,,
,,,,,,,,,,,100.7786,,,,,,
,,,,,,,,,,,100.6034,,,,,,
,,,,,,,,,,,100.4587,,,,,,
,,,,,,,,,,,100.3629,,,,,,
,,,,,,,,,,,100.3592,,,,,,
,,,,,,,,,,,100.4928,,,,,,
,,,,,,,,,,,100.6959,,,,,,
,,,,,,,,,,,100.8916,,,,,,
,,,,,,,,,,,101.0285,,,,,,
,,,,,,,,,,,101.1221,,,,,,
,,,,,,,,,,,101.1923,,,,,,
,,,,,,,,,,,101.2428,,,,,,
,,,,,,,,,,,101.2652,,,,,,
,,,,,,,,,,,101.2332,,,,,,
,,,,,,,,,,,101.1255,,,,,,
,,,,,,,,,,,101.0027,,,,,,
,,,,,,,,,,,100.947,,,,,,
,,,,,,,,,,,101.0172,,,,,,
,,,,,,,,,,,101.1363,,,,,,
,,,,,,,,,,,101.1977,,,,,,
,,,,,,,,,,,101.122,,,,,,
,,,,,,,,,,,100.9721,,,,,,
,,,,,,,,,,,100.8315,,,,,,
,,,,,,,,,,,100.7587,,,,,,
,,,,,,,,,,,100.7301,,,,,,
,,,,,,,,,,,100.7139,,,,,,
,,,,,,,,,,,100.6976,,,,,,
,,,,,,,,,,,100.7051,,,,,,
,,,,,,,,,,,100.7839,,,,,,
,,,,,,,,,,,100.9689,,,,,,
,,,,,,,,,,,101.1754,,,,,,
,,,,,,,,,,,101.2795,,,,,,
,,,,,,,,,,,101.1786,,,,,,
,,,,,,,,,,,100.953,,,,,,
,,,,,,,,,,,100.6923,,,,,,
,,,,,,,,,,,100.4472,,,,,,
,,,,,,,,,,,100.2153,,,,,,
,,,,,,,,,,,99.97762,,,,,,
,,,,,,,,,,,99.72121,,,,,,
,,,,,,,,,,,99.46842,,,,,,
,,,,,,,,,,,99.25864,,,,,,
,,,,,,,,,,,99.12678,,,,,,
,,,,,,,,,,,99.03862,,,,,,
,,,,,,,,,,,98.95715,,,,,,
,,,,,,,,,,,98.8652,,,,,,
,,,,,,,,,,,98.78139,,,,,,
,,,,,,,,,,,98.74147,,,,,,
,,,,,,,,,,,98.77156,,,,,,
,,,,,,,,,,,98.8175,,,,,,
,,,,,,,,,,,98.80488,,,,,,
,,,,,,,,,,,98.68316,,,,,,
,,,,,,,,,,,98.52843,,,,,,
,,,,,,,,,,,98.45214,,,,,,
,,,,,,,,,,,98.54287,,,,,,
,,,,,,,,,,,98.72964,,,,,,
,,,,,,,,,,,98.92463,,,,,,
,,,,,,,,,,,99.06988,,,,,,
,,,,,,,,,,,99.17571,,,,,,
,,,,,,,,,,,99.26152,,,,,,
,,,,,,,,,,,99.33593,,,,,,
,,,,,,,,,,,99.39697,,,,,,
,,,,,,,,,,,99.43554,,,,,,
,,,,,,,,,,,99.45212,,,,,,
,,,,,,,,,,,99.49607,,,,,,
,,,,,,,,,,,99.64494,,,,,,
,,,,,,,,,,,99.95639,,,,,,
,,,,,,,,,,,100.3153,,,,,,
,,,,,,,,,,,100.5645,,,,,,
,,,,,,,,,,,100.5884,,,,,,
,,,,,,,,,,,100.5059,,,,,,
,,,,,,,,,,,100.4747,,,,,,
,,,,,,,,,,,100.6015,,,,,,
,,,,,,,,,,,100.8014,,,,,,
,,,,,,,,,,,100.9415,,,,,,
,,,,,,,,,,,100.911,,,,,,
,,,,,,,,,,,100.7517,,,,,,
,,,,,,,,,,,100.504,,,,,,
,,,,,,,,,,,100.1819,,,,,,
,,,,,,,,,,,99.83644,,,,,,
,,,,,,,,,,,99.51756,,,,,,
,,,,,,,,,,,99.2589,,,,,,
,,,,,,,,,,,99.03635,,,,,,
,,,,,,,,,,,98.8261,,,,,,
,,,,,,,,,,,98.62637,,,,,,
,,,,,,,,,,,98.46712,,,,,,
,,,,,,,,,,,98.40491,,,,,,
,,,,,,,,,,,98.47739,,,,,,
,,,,,,,,,,,98.56075,,,,,,
,,,,,,,,,,,98.48154,,,,,,
,,,,,,,,,,,98.11758,,,,,,
,,,,,,,,,,,97.66152,,,,,,
,,,,,,,,,,,97.3827,,,,,,
,,,,,,,,,,,97.48116,,,,,,
,,,,,,,,,,,97.76447,,,,,,
,,,,,,,,,,,97.97105,,,,,,
,,,,,,,,,,,97.90874,,,,,,
,,,,,,,,,,,97.67004,,,,,,
,,,,,,,,,,,97.3791,,,,,,
,,,,,,,,,,,97.115,,,,,,
,,,,,,,,,,,96.88741,,,,,,
,,,,,,,,,,,96.69994,,,,,,
,,,,,,,,,,,96.57708,,,,,,
,,,,,,,,,,,96.55099,,,,,,
,,,,,,,,,,,96.70653,,,,,,
,,,,,,,,,,,97.12951,,,,,,
,,,,,,,,,,,97.67339,,,,,,
,,,,,,,,,,,98.15878,,,,,,
,,,,,,,,,,,98.45211,,,,,,
,,,,,,,,,,,98.60275,,,,,,
,,,,,,,,,,,98.66847,,,,,,
,,,,,,,,,,,98.68356,,,,,,
,,,,,,,,,,,98.71188,,,,,,
,,,,,,,,,,,98.82771,,,,,,
,,,,,,,,,,,99.08329,,,,,,
,,,,,,,,,,,99.38892,,,,,,
,,,,,,,,,,,99.62595,,,,,,
,,,,,,,,,,,99.70981,,,,,,
,,,,,,,,,,,99.72153,,,,,,
,,,,,,,,,,,99.77065,,,,,,
,,,,,,,,,,,99.93029,,,,,,
,,,,,,,,,,,100.1347,,,,,,
,,,,,,,,,,,100.2819,,,,,,
,,,,,,,,,,,100.2912,,,,,,
,,,,,,,,,,,100.218,,,,,,
,,,,,,,,,,,100.1344,,,,,,
,,,,,,,,,,,100.0915,,,,,,
,,,,,,,,,,,100.0923,,,,,,
,,,,,,,,,,,100.1388,,,,,,
,,,,,,,,,,,100.2355,,,,,,
,,,,,,,,,,,100.3468,,,,,,
,,,,,,,,,,,100.4273,,,,,,
,,,,,,,,,,,100.4378,,,,,,
,,,,,,,,,,,100.391,,,,,,
,,,,,,,,,,,100.2924,,,,,,
,,,,,,,,,,,100.1379,,,,,,
,,,,,,,,,,,99.96326,,,,,,
,,,,,,,,,,,99.80994,,,,,,
,,,,,,,,,,,99.71166,,,,,,
,,,,,,,,,,,99.65914,,,,,,
,,,,,,,,,,,99.62473,,,,,,
,,,,,,,,,,,99.54115,,,,,,
,,,,,,,,,,,99.39741,,,,,,
,,,,,,,,,,,99.3961,,,,,,
,,,,,,,,,,,99.42131,,,,,,
,,,,,,,,,,,99.384,,,,,,
,,,,,,,,,,,99.35651,,,,,,
,,,,,,,,,,,99.25356,,,,,,
,,,,,,,,,,,99.15466,,,,,,
,,,,,,,,,,,98.91549,,,,,,
,,,,,,,,,,,98.51264,,,,,,
,,,,,,,,,,,98.14759,,,,,,
,,,,,,,,,,,98.12119,,,,,,
,,,,,,,,,,,98.10522,,,,,,
,,,,,,,,,,,97.90603,,,,,,
,,,,,,,,,,,97.70162,,,,,,
,,,,,,,,,,,97.56508,,,,,,
,,,,,,,,,,,97.3741,,,,,,
,,,,,,,,,,,97.20558,,,,,,
,,,,,,,,,,,97.24396,,,,,,
,,,,,,,,,,,97.28627,,,,,,
,,,,,,,,,,,97.20753,,,,,,
,,,,,,,,,,,97.18872,,,,,,
,,,,,,,,,,,97.23035,,,,,,
,,,,,,,,,,,97.31868,,,,,,
,,,,,,,,,,,97.10155,,,,,,
,,,,,,,,,,,96.53722,,,,,,
,,,,,,,,,,,96.09919,,,,,,
,,,,,,,,,,,96.06277,,,,,,
,,,,,,,,,,,96.47615,,,,,,
,,,,,,,,,,,97.07402,,,,,,
,,,,,,,,,,,97.72421,,,,,,
,,,,,,,,,,,98.27214,,,,,,
,,,,,,,,,,,98.50504,,,,,,
,,,,,,,,,,,98.39028,,,,,,
,,,,,,,,,,,98.00222,,,,,,
,,,,,,,,,,,97.84586,,,,,,
,,,,,,,,,,,97.74593,,,,,,
,,,,,,,,,,,97.85099,,,,,,
,,,,,,,,,,,98.18051,,,,,,
,,,,,,,,,,,98.47062,,,,,,
,,,,,,,,,,,98.56952,,,,,,
,,,,,,,,,,,98.62657,,,,,,
,,,,,,,,,,,98.60022,,,,,,
,,,,,,,,,,,98.32379,,,,,,
,,,,,,,,,,,97.91273,,,,,,
,,,,,,,,,,,97.5373,,,,,,
,,,,,,,,,,,97.48957,,,,,,
,,,,,,,,,,,97.60052,,,,,,
,,,,,,,,,,,97.50893,,,,,,
,,,,,,,,,,,97.37359,,,,,,
,,,,,,,,,,,97.41206,,,,,,
,,,,,,,,,,,97.48306,,,,,,
,,,,,,,,,,,97.47807,,,,,,
,,,,,,,,,,,97.49605,,,,,,
,,,,,,,,,,,97.62727,,,,,,
,,,,,,,,,,,97.89848,,,,,,
,,,,,,,,,,,98.14163,,,,,,
,,,,,,,,,,,98.20195,,,,,,
,,,,,,,,,,,98.19845,,,,,,
,,,,,,,,,,,98.30392,,,,,,
,,,,,,,,,,,98.72385,,,,,,
,,,,,,,,,,,99.40668,,,,,,
,,,,,,,,,,,100.1399,,,,,,
,,,,,,,,,,,100.629,,,,,,
,,,,,,,,,,,100.784,,,,,,
,,,,,,,,,,,100.7464,,,,,,
,,,,,,,,,,,100.5992,,,,,,
,,,,,,,,,,,100.478,,,,,,
,,,,,,,,,,,100.4851,,,,,,
,,,,,,,,,,,100.6871,,,,,,
,,,,,,,,,,,101.0349,,,,,,
,,,,,,,,,,,101.3824,,,,,,
,,,,,,,,,,,101.5198,,,,,,
,,,,,,,,,,,101.5507,,,,,,
,,,,,,,,,,,101.4234,,,,,,
,,,,,,,,,,,101.3418,,,,,,
,,,,,,,,,,,101.2912,,,,,,
,,,,,,,,,,,101.3652,,,,,,
,,,,,,,,,,,101.4971,,,,,,
,,,,,,,,,,,101.5206,,,,,,
,,,,,,,,,,,101.346,,,,,,
,,,,,,,,,,,101.1569,,,,,,
,,,,,,,,,,,101.0201,,,,,,
,,,,,,,,,,,101.0011,,,,,,
,,,,,,,,,,,100.9564,,,,,,
,,,,,,,,,,,100.9341,,,,,,
,,,,,,,,,,,100.9352,,,,,,
,,,,,,,,,,,100.9363,,,,,,
,,,,,,,,,,,100.999,,,,,,
,,,,,,,,,,,100.9249,,,,,,
,,,,,,,,,,,100.7703,,,,,,
,,,,,,,,,,,100.6133,,,,,,
,,,,,,,,,,,100.5113,,,,,,
,,,,,,,,,,,100.6217,,,,,,
,,,,,,,,,,,100.849,,,,,,
,,,,,,,,,,,101.0417,,,,,,
,,,,,,,,,,,101.1335,,,,,,
,,,,,,,,,,,101.1596,,,,,,
,,,,,,,,,,,101.2015,,,,,,
,,,,,,,,,,,101.2631,,,,,,
,,,,,,,,,,,101.3632,,,,,,
,,,,,,,,,,,101.3026,,,,,,
,,,,,,,,,,,101.1165,,,,,,
,,,,,,,,,,,100.9388,,,,,,
,,,,,,,,,,,100.844,,,,,,
,,,,,,,,,,,100.6561,,,,,,
,,,,,,,,,,,100.4984,,,,,,
,,,,,,,,,,,100.465,,,,,,
,,,,,,,,,,,100.4963,,,,,,
,,,,,,,,,,,100.5718,,,,,,
,,,,,,,,,,,100.6544,,,,,,
,,,,,,,,,,,100.6885,,,,,,
,,,,,,,,,,,100.7633,,,,,,
,,,,,,,,,,,100.8696,,,,,,
,,,,,,,,,,,100.8745,,,,,,
,,,,,,,,,,,100.6848,,,,,,
,,,,,,,,,,,100.3289,,,,,,
,,,,,,,,,,,100.0475,,,,,,
,,,,,,,,,,,100.1213,,,,,,
,,,,,,,,,,,100.3911,,,,,,
,,,,,,,,,,,100.6378,,,,,,
,,,,,,,,,,,100.8051,,,,,,
,,,,,,,,,,,100.85,,,,,,
,,,,,,,,,,,100.945,,,,,,
,,,,,,,,,,,101.015,,,,,,
,,,,,,,,,,,101.0847,,,,,,
,,,,,,,,,,,101.1965,,,,,,
,,,,,,,,,,,101.1808,,,,,,
,,,,,,,,,,,101.0357,,,,,,
,,,,,,,,,,,100.9307,,,,,,
,,,,,,,,,,,100.9582,,,,,,
,,,,,,,,,,,101.1036,,,,,,
,,,,,,,,,,,101.0828,,,,,,
,,,,,,,,,,,100.9334,,,,,,
,,,,,,,,,,,100.7291,,,,,,
,,,,,,,,,,,100.5935,,,,,,
,,,,,,,,,,,100.5602,,,,,,
,,,,,,,,,,,100.6109,,,,,,
,,,,,,,,,,,100.6953,,,,,,
,,,,,,,,,,,100.8534,,,,,,
,,,,,,,,,,,100.8356,,,,,,
,,,,,,,,,,,100.7065,,,,,,
,,,,,,,,,,,100.6294,,,,,,
,,,,,,,,,,,100.6266,,,,,,
,,,,,,,,,,,100.6078,,,,,,
,,,,,,,,,,,100.6796,,,,,,
,,,,,,,,,,,100.7341,,,,,,
,,,,,,,,,,,100.5991,,,,,,
,,,,,,,,,,,100.3021,,,,,,
,,,,,,,,,,,99.80036,,,,,,
,,,,,,,,,,,98.99537,,,,,,
,,,,,,,,,,,98.22202,,,,,,
,,,,,,,,,,,97.60393,,,,,,
,,,,,,,,,,,97.38443,,,,,,
,,,,,,,,,,,97.45116,,,,,,
,,,,,,,,,,,97.81354,,,,,,
,,,,,,,,,,,98.47462,,,,,,
,,,,,,,,,,,99.22849,,,,,,
,,,,,,,,,,,99.44141,,,,,,
,,,,,,,,,,,99.42368,,,,,,
,,,,,,,,,,,99.49165,,,,,,
,,,,,,,,,,,99.55557,,,,,,
,,,,,,,,,,,99.51839,,,,,,
,,,,,,,,,,,99.31017,,,,,,
,,,,,,,,,,,98.81473,,,,,,
,,,,,,,,,,,98.20068,,,,,,
,,,,,,,,,,,97.83938,,,,,,
,,,,,,,,,,,97.78868,,,,,,
,,,,,,,,,,,98.04357,,,,,,
,,,,,,,,,,,98.50089,,,,,,
,,,,,,,,,,,98.86419,,,,,,
,,,,,,,,,,,99.07103,,,,,,
,,,,,,,,,,,99.07713,,,,,,
,,,,,,,,,,,98.89525,,,,,,
,,,,,,,,,,,98.73658,,,,,,
,,,,,,,,,,,98.72567,,,,,,
,,,,,,,,,,,98.99768,,,,,,
,,,,,,,,,,,99.64786,,,,,,
,,,,,,,,,,,100.1769,,,,,,
,,,,,,,,,,,100.3154,,,,,,
,,,,,,,,,,,100.1946,,,,,,
,,,,,,,,,,,99.99967,,,,,,
,,,,,,,,,,,99.75841,,,,,,
,,,,,,,,,,,99.45022,,,,,,
,,,,,,,,,,,99.21055,,,,,,
,,,,,,,,,,,98.98788,,,,,,
,,,,,,,,,,,98.93079,,,,,,
,,,,,,,,,,,99.05779,,,,,,
,,,,,,,,,,,99.3512,,,,,,
,,,,,,,,,,,99.70393,,,,,,
,,,,,,,,,,,100.2158,,,,,,
,,,,,,,,,,,100.6566,,,,,,
,,,,,,,,,,,100.814,,,,,,
,,,,,,,,,,,100.8027,,,,,,
,,,,,,,,,,,100.7716,,,,,,
,,,,,,,,,,,100.7063,,,,,,
,,,,,,,,,,,100.595,,,,,,
,,,,,,,,,,,100.5191,,,,,,
,,,,,,,,,,,100.5672,,,,,,
,,,,,,,,,,,100.6412,,,,,,
,,,,,,,,,,,100.7397,,,,,,
,,,,,,,,,,,100.8593,,,,,,
,,,,,,,,,,,101.044,,,,,,
,,,,,,,,,,,101.13,,,,,,
,,,,,,,,,,,100.9909,,,,,,
,,,,,,,,,,,100.7594,,,,,,
,,,,,,,,,,,100.6591,,,,,,
,,,,,,,,,,,100.6458,,,,,,
,,,,,,,,,,,100.7788,,,,,,
,,,,,,,,,,,100.9016,,,,,,
,,,,,,,,,,,100.8661,,,,,,
,,,,,,,,,,,100.618,,,,,,
,,,,,,,,,,,100.454,,,,,,
,,,,,,,,,,,100.3726,,,,,,
,,,,,,,,,,,100.3978,,,,,,
,,,,,,,,,,,100.4148,,,,,,
,,,,,,,,,,,100.4892,,,,,,
,,,,,,,,,,,100.6408,,,,,,
,,,,,,,,,,,100.6707,,,,,,
,,,,,,,,,,,100.6492,,,,,,
,,,,,,,,,,,100.7622,,,,,,
,,,,,,,,,,,100.9282,,,,,,
,,,,,,,,,,,101.0533,,,,,,
,,,,,,,,,,,101.1477,,,,,,
,,,,,,,,,,,101.275,,,,,,
,,,,,,,,,,,101.3831,,,,,,
,,,,,,,,,,,101.399,,,,,,
,,,,,,,,,,,101.4518,,,,,,
,,,,,,,,,,,101.5745,,,,,,
,,,,,,,,,,,101.7127,,,,,,
,,,,,,,,,,,101.8842,,,,,,
,,,,,,,,,,,102.0779,,,,,,
,,,,,,,,,,,102.2544,,,,,,
,,,,,,,,,,,102.3732,,,,,,
,,,,,,,,,,,102.376,,,,,,
,,,,,,,,,,,102.3873,,,,,,
,,,,,,,,,,,102.3801,,,,,,
,,,,,,,,,,,102.361,,,,,,
,,,,,,,,,,,102.3281,,,,,,
,,,,,,,,,,,102.4869,,,,,,
,,,,,,,,,,,102.6568,,,,,,
,,,,,,,,,,,102.6646,,,,,,
,,,,,,,,,,,102.6423,,,,,,
,,,,,,,,,,,102.5393,,,,,,
,,,,,,,,,,,102.4154,,,,,,
,,,,,,,,,,,102.2737,,,,,,
,,,,,,,,,,,102.0736,,,,,,
,,,,,,,,,,,101.8232,,,,,,
,,,,,,,,,,,101.6817,,,,,,
,,,,,,,,,,,101.7789,,,,,,
,,,,,,,,,,,101.9276,,,,,,
,,,,,,,,,,,102.1769,,,,,,
,,,,,,,,,,,102.3935,,,,,,
,,,,,,,,,,,102.4302,,,,,,
,,,,,,,,,,,102.4252,,,,,,
,,,,,,,,,,,102.4705,,,,,,
,,,,,,,,,,,102.4821,,,,,,
,,,,,,,,,,,102.4243,,,,,,
,,,,,,,,,,,102.3603,,,,,,
,,,,,,,,,,,102.3496,,,,,,
,,,,,,,,,,,102.3282,,,,,,
,,,,,,,,,,,102.4508,,,,,,
,,,,,,,,,,,102.621,,,,,,
,,,,,,,,,,,102.8598,,,,,,
,,,,,,,,,,,102.9146,,,,,,
,,,,,,,,,,,102.8308,,,,,,
,,,,,,,,,,,102.8116,,,,,,
,,,,,,,,,,,102.7854,,,,,,
,,,,,,,,,,,102.6831,,,,,,
,,,,,,,,,,,102.6484,,,,,,
,,,,,,,,,,,102.6123,,,,,,
,,,,,,,,,,,102.5607,,,,,,
,,,,,,,,,,,102.4479,,,,,,
,,,,,,,,,,,102.1865,,,,,,
,,,,,,,,,,,101.638,,,,,,
,,,,,,,,,,,101.0944,,,,,,
,,,,,,,,,,,100.6971,,,,,,
,,,,,,,,,,,100.5256,,,,,,
,,,,,,,,,,,100.4912,,,,,,
,,,,,,,,,,,100.6189,,,,,,
,,,,,,,,,,,100.7011,,,,,,
,,,,,,,,,,,100.6117,,,,,,
,,,,,,,,,,,100.2983,,,,,,
,,,,,,,,,,,99.8468,,,,,,
,,,,,,,,,,,99.68401,,,,,,
,,,,,,,,,,,99.83755,,,,,,
,,,,,,,,,,,100.2091,,,,,,
,,,,,,,,,,,100.5684,,,,,,
,,,,,,,,,,,100.7837,,,,,,
,,,,,,,,,,,100.9783,,,,,,
,,,,,,,,,,,101.0331,,,,,,
,,,,,,,,,,,101.0061,,,,,,
,,,,,,,,,,,100.7455,,,,,,
,,,,,,,,,,,100.3966,,,,,,
,,,,,,,,,,,100.1091,,,,,,
,,,,,,,,,,,99.85764,,,,,,
,,,,,,,,,,,99.66776,,,,,,
,,,,,,,,,,,99.6834,,,,,,
,,,,,,,,,,,99.68077,,,,,,
,,,,,,,,,,,99.49509,,,,,,
,,,,,,,,,,,99.33039,,,,,,
,,,,,,,,,,,99.41691,,,,,,
,,,,,,,,,,,99.86855,,,,,,
,,,,,,,,,,,100.3138,,,,,,
,,,,,,,,,,,100.4763,,,,,,
,,,,,,,,,,,100.4787,,,,,,
,,,,,,,,,,,100.3856,,,,,,
,,,,,,,,,,,100.3488,,,,,,
,,,,,,,,,,,100.5031,,,,,,
,,,,,,,,,,,100.8073,,,,,,
,,,,,,,,,,,101.1228,,,,,,
,,,,,,,,,,,101.4136,,,,,,
,,,,,,,,,,,101.2953,,,,,,
,,,,,,,,,,,101.1207,,,,,,
,,,,,,,,,,,100.9425,,,,,,
,,,,,,,,,,,100.8609,,,,,,
,,,,,,,,,,,101.0045,,,,,,
,,,,,,,,,,,101.1205,,,,,,
,,,,,,,,,,,101.0948,,,,,,
,,,,,,,,,,,100.971,,,,,,
,,,,,,,,,,,100.8781,,,,,,
,,,,,,,,,,,100.945,,,,,,
,,,,,,,,,,,101.0863,,,,,,
,,,,,,,,,,,101.071,,,,,,
,,,,,,,,,,,100.9089,,,,,,
,,,,,,,,,,,100.67,,,,,,
,,,,,,,,,,,100.4738,,,,,,
,,,,,,,,,,,100.5446,,,,,,
,,,,,,,,,,,100.805,,,,,,
,,,,,,,,,,,100.7077,,,,,,
,,,,,,,,,,,100.092,,,,,,
,,,,,,,,,,,99.34371,,,,,,
,,,,,,,,,,,99.10086,,,,,,
,,,,,,,,,,,99.50333,,,,,,
,,,,,,,,,,,100.1039,,,,,,
,,,,,,,,,,,100.3748,,,,,,
,,,,,,,,,,,100.3242,,,,,,
,,,,,,,,,,,100.1874,,,,,,
,,,,,,,,,,,99.92552,,,,,,
,,,,,,,,,,,99.632,,,,,,
,,,,,,,,,,,99.61038,,,,,,
,,,,,,,,,,,99.64802,,,,,,
,,,,,,,,,,,99.7503,,,,,,
,,,,,,,,,,,100.0784,,,,,,
,,,,,,,,,,,100.5155,,,,,,
,,,,,,,,,,,100.7559,,,,,,
,,,,,,,,,,,100.8761,,,,,,
,,,,,,,,,,,100.9094,,,,,,
,,,,,,,,,,,100.6772,,,,,,
,,,,,,,,,,,100.3943,,,,,,
,,,,,,,,,,,100.2132,,,,,,
,,,,,,,,,,,100.1504,,,,,,
,,,,,,,,,,,100.1081,,,,,,
,,,,,,,,,,,100.0841,,,,,,
,,,,,,,,,,,99.84557,,,,,,
,,,,,,,,,,,99.58009,,,,,,
,,,,,,,,,,,99.27362,,,,,,
,,,,,,,,,,,98.97621,,,,,,
,,,,,,,,,,,98.80122,,,,,,
,,,,,,,,,,,98.63303,,,,,,
,,,,,,,,,,,98.22823,,,,,,
,,,,,,,,,,,97.7402,,,,,,
,,,,,,,,,,,97.19009,,,,,,
,,,,,,,,,,,96.79513,,,,,,
,,,,,,,,,,,96.67092,,,,,,
,,,,,,,,,,,96.88242,,,,,,
,,,,,,,,,,,97.15038,,,,,,
,,,,,,,,,,,97.22958,,,,,,
,,,,,,,,,,,96.86205,,,,,,
,,,,,,,,,,,96.59484,,,,,,
,,,,,,,,,,,96.58707,,,,,,
,,,,,,,,,,,96.59457,,,,,,
,,,,,,,,,,,96.56746,,,,,,
,,,,,,,,,,,96.77773,,,,,,
,,,,,,,,,,,97.24435,,,,,,
,,,,,,,,,,,97.64585,,,,,,
,,,,,,,,,,,97.81208,,,,,,
,,,,,,,,,,,97.765,,,,,,
,,,,,,,,,,,97.81049,,,,,,
,,,,,,,,,,,97.99567,,,,,,
,,,,,,,,,,,98.02654,,,,,,
,,,,,,,,,,,98.04115,,,,,,
,,,,,,,,,,,98.22246,,,,,,
,,,,,,,,,,,98.39052,,,,,,
,,,,,,,,,,,98.44781,,,,,,
,,,,,,,,,,,98.44459,,,,,,
,,,,,,,,,,,98.42336,,,,,,
,,,,,,,,,,,98.42204,,,,,,
,,,,,,,,,,,98.32322,,,,,,
,,,,,,,,,,,98.02749,,,,,,
,,,,,,,,,,,97.84713,,,,,,
,,,,,,,,,,,97.79431,,,,,,
,,,,,,,,,,,97.89665,,,,,,
,,,,,,,,,,,98.16397,,,,,,
,,,,,,,,,,,98.42456,,,,,,
,,,,,,,,,,,98.53705,,,,,,
,,,,,,,,,,,98.48608,,,,,,
,,,,,,,,,,,98.23303,,,,,,
,,,,,,,,,,,98.17236,,,,,,
,,,,,,,,,,,98.15604,,,,,,
,,,,,,,,,,,97.83686,,,,,,
,,,,,,,,,,,97.23755,,,,,,
,,,,,,,,,,,96.72601,,,,,,
,,,,,,,,,,,96.65622,,,,,,
,,,,,,,,,,,96.89687,,,,,,
,,,,,,,,,,,97.35576,,,,,,
,,,,,,,,,,,97.92338,,,,,,
,,,,,,,,,,,98.40728,,,,,,
,,,,,,,,,,,98.67706,,,,,,
,,,,,,,,,,,98.80706,,,,,,
,,,,,,,,,,,98.8435,,,,,,
,,,,,,,,,,,98.78497,,,,,,
,,,,,,,,,,,98.57067,,,,,,
,,,,,,,,,,,98.49516,,,,,,
,,,,,,,,,,,98.67322,,,,,,
,,,,,,,,,,,99.00475,,,,,,
,,,,,,,,,,,99.24251,,,,,,
,,,,,,,,,,,99.15195,,,,,,
,,,,,,,,,,,98.8019,,,,,,
,,,,,,,,,,,98.66731,,,,,,
,,,,,,,,,,,98.77527,,,,,,
,,,,,,,,,,,98.95014,,,,,,
,,,,,,,,,,,99.17252,,,,,,
,,,,,,,,,,,99.52722,,,,,,
,,,,,,,,,,,99.7106,,,,,,
,,,,,,,,,,,99.67108,,,,,,
,,,,,,,,,,,99.3766,,,,,,
,,,,,,,,,,,98.97702,,,,,,
,,,,,,,,,,,98.73,,,,,,
,,,,,,,,,,,98.83536,,,,,,
,,,,,,,,,,,99.15383,,,,,,
,,,,,,,,,,,99.33512,,,,,,
,,,,,,,,,,,99.40863,,,,,,
,,,,,,,,,,,99.44245,,,,,,
,,,,,,,,,,,99.51904,,,,,,
,,,,,,,,,,,99.50475,,,,,,
,,,,,,,,,,,99.47705,,,,,,
,,,,,,,,,,,99.46846,,,,,,
,,,,,,,,,,,99.56802,,,,,,
,,,,,,,,,,,99.78236,,,,,,
,,,,,,,,,,,100.0837,,,,,,
,,,,,,,,,,,100.4535,,,,,,
,,,,,,,,,,,100.8634,,,,,,
,,,,,,,,,,,101.1397,,,,,,
,,,,,,,,,,,101.1421,,,,,,
,,,,,,,,,,,101.0412,,,,,,
,,,,,,,,,,,100.9839,,,,,,
,,,,,,,,,,,100.8999,,,,,,
,,,,,,,,,,,100.9147,,,,,,
,,,,,,,,,,,100.7948,,,,,,
,,,,,,,,,,,100.5967,,,,,,
,,,,,,,,,,,100.4183,,,,,,
,,,,,,,,,,,100.4488,,,,,,
,,,,,,,,,,,100.5706,,,,,,
,,,,,,,,,,,100.6721,,,,,,
,,,,,,,,,,,100.6857,,,,,,
,,,,,,,,,,,100.6467,,,,,,
,,,,,,,,,,,100.6051,,,,,,
,,,,,,,,,,,100.6281,,,,,,
,,,,,,,,,,,100.756,,,,,,
,,,,,,,,,,,100.733,,,,,,
,,,,,,,,,,,100.5797,,,,,,
,,,,,,,,,,,100.4689,,,,,,
,,,,,,,,,,,100.4489,,,,,,
,,,,,,,,,,,100.5293,,,,,,
,,,,,,,,,,,100.8734,,,,,,
,,,,,,,,,,,101.226,,,,,,
,,,,,,,,,,,101.3809,,,,,,
,,,,,,,,,,,101.368,,,,,,
,,,,,,,,,,,101.3361,,,,,,
,,,,,,,,,,,101.2947,,,,,,
,,,,,,,,,,,101.2203,,,,,,
,,,,,,,,,,,101.1097,,,,,,
,,,,,,,,,,,101.0669,,,,,,
,,,,,,,,,,,101.1676,,,,,,
,,,,,,,,,,,101.2939,,,,,,
,,,,,,,,,,,101.4502,,,,,,
,,,,,,,,,,,101.4293,,,,,,
,,,,,,,,,,,101.343,,,,,,
,,,,,,,,,,,101.3736,,,,,,
,,,,,,,,,,,101.5402,,,,,,
,,,,,,,,,,,101.6436,,,,,,
,,,,,,,,,,,101.5916,,,,,,
,,,,,,,,,,,101.5038,,,,,,
,,,,,,,,,,,101.4445,,,,,,
,,,,,,,,,,,101.4123,,,,,,
,,,,,,,,,,,101.4238,,,,,,
,,,,,,,,,,,101.509,,,,,,
,,,,,,,,,,,101.4908,,,,,,
,,,,,,,,,,,101.3792,,,,,,
,,,,,,,,,,,101.2052,,,,,,
,,,,,,,,,,,100.9968,,,,,,
,,,,,,,,,,,101.0521,,,,,,
,,,,,,,,,,,101.2746,,,,,,
,,,,,,,,,,,101.4376,,,,,,
,,,,,,,,,,,101.5273,,,,,,
,,,,,,,,,,,101.4316,,,,,,
,,,,,,,,,,,101.1951,,,,,,
,,,,,,,,,,,100.893,,,,,,
,,,,,,,,,,,100.893,,,,,,
,,,,,,,,,,,101.0999,,,,,,
,,,,,,,,,,,101.374,,,,,,
,,,,,,,,,,,101.6063,,,,,,
,,,,,,,,,,,101.6047,,,,,,
,,,,,,,,,,,101.1681,,,,,,
,,,,,,,,,,,100.1502,,,,,,
,,,,,,,,,,,99.04313,,,,,,
,,,,,,,,,,,98.53316,,,,,,
,,,,,,,,,,,98.48238,,,,,,
,,,,,,,,,,,98.50002,,,,,,
,,,,,,,,,,,98.70583,,,,,,
,,,,,,,,,,,99.02446,,,,,,
,,,,,,,,,,,99.17614,,,,,,
,,,,,,,,,,,99.13219,,,,,,
,,,,,,,,,,,99.13531,,,,,,
,,,,,,,,,,,99.14153,,,,,,
,,,,,,,,,,,99.28388,,,,,,
,,,,,,,,,,,99.65746,,,,,,
,,,,,,,,,,,99.90664,,,,,,
,,,,,,,,,,,99.84676,,,,,,
,,,,,,,,,,,99.63269,,,,,,
,,,,,,,,,,,99.15526,,,,,,
,,,,,,,,,,,98.57474,,,,,,
,,,,,,,,,,,98.26997,,,,,,
,,,,,,,,,,,98.07962,,,,,,
,,,,,,,,,,,97.91412,,,,,,
,,,,,,,,,,,97.81084,,,,,,
,,,,,,,,,,,97.57133,,,,,,
,,,,,,,,,,,97.25768,,,,,,
,,,,,,,,,,,97.01434,,,,,,
,,,,,,,,,,,96.84113,,,,,,
,,,,,,,,,,,96.41887,,,,,,
,,,,,,,,,,,95.99519,,,,,,
,,,,,,,,,,,95.97128,,,,,,
,,,,,,,,,,,96.29353,,,,,,
,,,,,,,,,,,96.66169,,,,,,