date,cpi,gdp,uenm,sp500,cci,covid
2/1/28,NA,NA,NA,17.53000069,NA,0
3/1/28,NA,NA,NA,17.29999924,NA,0
4/2/28,NA,NA,NA,18.90999985,NA,0
5/1/28,NA,NA,NA,19.78000069,NA,0
6/1/28,NA,NA,NA,20.06999969,NA,0
7/1/28,NA,NA,NA,18.97999954,NA,0
8/1/28,NA,NA,NA,19.42000008,NA,0
9/1/28,NA,NA,NA,20.96999931,NA,0
10/1/28,NA,NA,NA,21.36000061,NA,0
11/1/28,NA,NA,NA,21.98999977,NA,0
12/1/28,NA,NA,NA,23.85000038,NA,0
1/1/29,NA,NA,NA,24.80999947,NA,0
2/1/29,NA,NA,NA,25.84000015,NA,0
3/1/29,NA,NA,NA,25.82999992,NA,0
4/1/29,NA,NA,NA,24.87999916,NA,0
5/1/29,NA,NA,NA,25.98999977,NA,0
6/1/29,NA,NA,NA,25.27000046,NA,0
7/1/29,NA,NA,NA,27.77000046,NA,0
8/1/29,NA,NA,NA,29.07999992,NA,0
9/1/29,NA,NA,NA,31.81999969,NA,0
10/1/29,NA,NA,NA,29.97999954,NA,0
11/1/29,NA,NA,NA,22.87999916,NA,0
12/1/29,NA,NA,NA,20.95000076,NA,0
1/1/30,NA,NA,NA,21.18000031,NA,0
2/1/30,NA,NA,NA,22.73999977,NA,0
3/1/30,NA,NA,NA,23.36000061,NA,0
4/1/30,NA,NA,NA,25.37000084,NA,0
5/1/30,NA,NA,NA,24.29999924,NA,0
6/1/30,NA,NA,NA,24.39999962,NA,0
7/1/30,NA,NA,NA,20.23999977,NA,0
8/1/30,NA,NA,NA,21.11000061,NA,0
9/1/30,NA,NA,NA,21.37999916,NA,0
10/1/30,NA,NA,NA,19.42000008,NA,0
11/1/30,NA,NA,NA,17.12999916,NA,0
12/1/30,NA,NA,NA,16.79999924,NA,0
1/1/31,NA,NA,NA,15.85000038,NA,0
2/1/31,NA,NA,NA,16.15999985,NA,0
3/1/31,NA,NA,NA,17.52000046,NA,0
4/1/31,NA,NA,NA,16.52000046,NA,0
5/1/31,NA,NA,NA,14.64999962,NA,0
6/1/31,NA,NA,NA,12.39999962,NA,0
7/1/31,NA,NA,NA,15.06999969,NA,0
8/1/31,NA,NA,NA,13.93000031,NA,0
9/1/31,NA,NA,NA,13.92000008,NA,0
10/1/31,NA,NA,NA,9.529999733,NA,0
11/1/31,NA,NA,NA,10.5,NA,0
12/1/31,NA,NA,NA,9.380000114,NA,0
1/1/32,NA,NA,NA,7.559999943,NA,0
2/1/32,NA,NA,NA,8.229999542,NA,0
3/1/32,NA,NA,NA,8.350000381,NA,0
4/1/32,NA,NA,NA,7.179999828,NA,0
5/1/32,NA,NA,NA,5.739999771,NA,0
6/1/32,NA,NA,NA,4.400000095,NA,0
7/1/32,NA,NA,NA,4.599999905,NA,0
8/1/32,NA,NA,NA,6.110000134,NA,0
9/1/32,NA,NA,NA,8.470000267,NA,0
10/1/32,NA,NA,NA,8.06000042,NA,0
11/1/32,NA,NA,NA,6.760000229,NA,0
12/1/32,NA,NA,NA,6.730000019,NA,0
1/1/33,NA,NA,NA,6.829999924,NA,0
2/1/33,NA,NA,NA,6.670000076,NA,0
3/1/33,NA,NA,NA,5.769999981,NA,0
4/1/33,NA,NA,NA,5.869999886,NA,0
5/1/33,NA,NA,NA,8.430000305,NA,0
6/1/33,NA,NA,NA,9.739999771,NA,0
7/1/33,NA,NA,NA,11.61999989,NA,0
8/1/33,NA,NA,NA,10.25,NA,0
9/1/33,NA,NA,NA,11.22999954,NA,0
10/1/33,NA,NA,NA,9.619999886,NA,0
11/1/33,NA,NA,NA,9.119999886,NA,0
12/1/33,NA,NA,NA,9.909999847,NA,0
1/1/34,NA,NA,NA,10.10999966,NA,0
2/1/34,NA,NA,NA,11.46000004,NA,0
3/1/34,NA,NA,NA,10.72000027,NA,0
4/2/34,NA,NA,NA,10.76000023,NA,0
5/1/34,NA,NA,NA,10.46000004,NA,0
6/1/34,NA,NA,NA,9.380000114,NA,0
7/1/34,NA,NA,NA,9.68999958,NA,0
8/1/34,NA,NA,NA,8.949999809,NA,0
9/4/34,NA,NA,NA,9.06000042,NA,0
10/1/34,NA,NA,NA,8.829999924,NA,0
11/1/34,NA,NA,NA,8.770000458,NA,0
12/1/34,NA,NA,NA,9.409999847,NA,0
1/1/35,NA,NA,NA,9.510000229,NA,0
2/1/35,NA,NA,NA,9.050000191,NA,0
3/1/35,NA,NA,NA,8.789999962,NA,0
4/1/35,NA,NA,NA,8.539999962,NA,0
5/1/35,NA,NA,NA,9.229999542,NA,0
6/1/35,NA,NA,NA,9.670000076,NA,0
7/1/35,NA,NA,NA,10.27999973,NA,0
8/1/35,NA,NA,NA,11.03999996,NA,0
9/3/35,NA,NA,NA,11.21000004,NA,0
10/1/35,NA,NA,NA,11.47999954,NA,0
11/1/35,NA,NA,NA,12.60999966,NA,0
12/1/35,NA,NA,NA,12.75,NA,0
1/1/36,NA,NA,NA,13.39999962,NA,0
2/3/36,NA,NA,NA,14.43999958,NA,0
3/2/36,NA,NA,NA,14.77000046,NA,0
4/1/36,NA,NA,NA,15.18999958,NA,0
5/1/36,NA,NA,NA,13.86999989,NA,0
6/1/36,NA,NA,NA,14.39000034,NA,0
7/1/36,NA,NA,NA,14.89999962,NA,0
8/3/36,NA,NA,NA,15.90999985,NA,0
9/1/36,NA,NA,NA,15.94999981,NA,0
10/1/36,NA,NA,NA,16.04000092,NA,0
11/1/36,NA,NA,NA,17.17000008,NA,0
12/1/36,NA,NA,NA,17.13999939,NA,0
1/1/37,NA,NA,NA,16.93000031,NA,0
2/1/37,NA,NA,NA,17.87999916,NA,0
3/1/37,NA,NA,NA,18.09000015,NA,0
4/1/37,NA,NA,NA,17.70999908,NA,0
5/3/37,NA,NA,NA,16.46999931,NA,0
6/1/37,NA,NA,NA,15.96000004,NA,0
7/1/37,NA,NA,NA,15.47000027,NA,0
8/2/37,NA,NA,NA,17.06999969,NA,0
9/1/37,NA,NA,NA,15.60999966,NA,0
10/1/37,NA,NA,NA,13.72000027,NA,0
11/1/37,NA,NA,NA,12.07999992,NA,0
12/1/37,NA,NA,NA,10.97000027,NA,0
1/1/38,NA,NA,NA,10.52000046,NA,0
2/1/38,NA,NA,NA,10.89000034,NA,0
3/1/38,NA,NA,NA,11.46000004,NA,0
4/1/38,NA,NA,NA,8.909999847,NA,0
5/2/38,NA,NA,NA,9.590000153,NA,0
6/1/38,NA,NA,NA,9.569999695,NA,0
7/1/38,NA,NA,NA,11.90999985,NA,0
8/1/38,NA,NA,NA,12.25,NA,0
9/1/38,NA,NA,NA,11.92000008,NA,0
10/1/38,NA,NA,NA,12.52000046,NA,0
11/1/38,NA,NA,NA,13.10000038,NA,0
12/1/38,NA,NA,NA,12.60999966,NA,0
1/1/39,NA,NA,NA,13.07999992,NA,0
2/1/39,NA,NA,NA,12.11999989,NA,0
3/1/39,NA,NA,NA,12.69999981,NA,0
4/1/39,NA,NA,NA,11.26000023,NA,0
5/1/39,NA,NA,NA,10.85999966,NA,0
6/1/39,NA,NA,NA,11.42000008,NA,0
7/1/39,NA,NA,NA,11,NA,0
8/1/39,NA,NA,NA,12.03999996,NA,0
9/1/39,NA,NA,NA,11.30000019,NA,0
10/1/39,NA,NA,NA,12.88000011,NA,0
11/1/39,NA,NA,NA,12.81999969,NA,0
12/1/39,NA,NA,NA,12.28999996,NA,0
1/1/40,NA,NA,NA,12.63000011,NA,0
2/1/40,NA,NA,NA,12.05000019,NA,0
3/1/40,NA,NA,NA,12.06000042,NA,0
4/1/40,NA,NA,NA,12.21000004,NA,0
5/1/40,NA,NA,NA,12.02999973,NA,0
6/1/40,NA,NA,NA,9.109999657,NA,0
7/1/40,NA,NA,NA,9.869999886,NA,0
8/1/40,NA,NA,NA,10.26000023,NA,0
9/1/40,NA,NA,NA,10.56000042,NA,0
10/1/40,NA,NA,NA,10.81000042,NA,0
11/1/40,NA,NA,NA,11.07999992,NA,0
12/1/40,NA,NA,NA,10.61999989,NA,0
1/1/41,NA,NA,NA,10.47999954,NA,0
2/1/41,NA,NA,NA,9.960000038,NA,0
3/1/41,NA,NA,NA,9.770000458,NA,0
4/1/41,NA,NA,NA,9.970000267,NA,0
5/1/41,NA,NA,NA,9.300000191,NA,0
6/1/41,NA,NA,NA,9.359999657,NA,0
7/1/41,NA,NA,NA,9.819999695,NA,0
8/1/41,NA,NA,NA,10.34000015,NA,0
9/1/41,NA,NA,NA,10.34000015,NA,0
10/1/41,NA,NA,NA,10.17000008,NA,0
11/1/41,NA,NA,NA,9.590000153,NA,0
12/1/41,NA,NA,NA,9.069999695,NA,0
1/1/42,NA,NA,NA,8.890000343,NA,0
2/1/42,NA,NA,NA,8.840000153,NA,0
3/1/42,NA,NA,NA,8.470000267,NA,0
4/1/42,NA,NA,NA,8.050000191,NA,0
5/1/42,NA,NA,NA,7.710000038,NA,0
6/1/42,NA,NA,NA,8.18999958,NA,0
7/1/42,NA,NA,NA,8.229999542,NA,0
8/1/42,NA,NA,NA,8.569999695,NA,0
9/1/42,NA,NA,NA,8.619999886,NA,0
10/1/42,NA,NA,NA,8.920000076,NA,0
11/1/42,NA,NA,NA,9.479999542,NA,0
12/1/42,NA,NA,NA,9.279999733,NA,0
1/1/43,NA,NA,NA,9.920000076,NA,0
2/1/43,NA,NA,NA,10.52000046,NA,0
3/1/43,NA,NA,NA,10.92000008,NA,0
4/1/43,NA,NA,NA,11.59000015,NA,0
5/1/43,NA,NA,NA,11.81999969,NA,0
6/1/43,NA,NA,NA,12.18000031,NA,0
7/1/43,NA,NA,NA,12.35999966,NA,0
8/1/43,NA,NA,NA,11.47000027,NA,0
9/1/43,NA,NA,NA,11.84000015,NA,0
10/1/43,NA,NA,NA,12.09000015,NA,0
11/1/43,NA,NA,NA,11.92000008,NA,0
12/1/43,NA,NA,NA,11.13000011,NA,0
1/1/44,NA,NA,NA,11.65999985,NA,0
2/1/44,NA,NA,NA,11.82999992,NA,0
3/1/44,NA,NA,NA,11.86999989,NA,0
4/1/44,NA,NA,NA,11.96000004,NA,0
5/1/44,NA,NA,NA,11.96000004,NA,0
6/1/44,NA,NA,NA,12.31000042,NA,0
7/1/44,NA,NA,NA,13.10999966,NA,0
8/1/44,NA,NA,NA,12.77999973,NA,0
9/1/44,NA,NA,NA,12.85999966,NA,0
10/1/44,NA,NA,NA,12.80000019,NA,0
11/1/44,NA,NA,NA,12.82999992,NA,0
12/1/44,NA,NA,NA,12.80000019,NA,0
1/1/45,NA,NA,NA,13.32999992,NA,0
2/1/45,NA,NA,NA,13.5,NA,0
3/1/45,NA,NA,NA,14.31999969,NA,0
4/1/45,NA,NA,NA,13.77000046,NA,0
5/1/45,NA,NA,NA,14.78999996,NA,0
6/1/45,NA,NA,NA,15.02999973,NA,0
7/1/45,NA,NA,NA,15.02999973,NA,0
8/1/45,NA,NA,NA,14.68000031,NA,0
9/1/45,NA,NA,NA,15.51000023,NA,0
10/1/45,NA,NA,NA,16.32999992,NA,0
11/1/45,NA,NA,NA,16.87000084,NA,0
12/1/45,NA,NA,NA,17.44000053,NA,0
1/1/46,NA,NA,NA,17.25,NA,0
2/1/46,NA,NA,NA,18.63999939,NA,0
3/1/46,NA,NA,NA,17.20999908,NA,0
4/1/46,NA,NA,NA,18.05999947,NA,0
5/1/46,NA,NA,NA,18.70999908,NA,0
6/1/46,NA,NA,NA,19.04999924,NA,0
7/1/46,NA,NA,NA,18.54000092,NA,0
8/1/46,NA,NA,NA,18.01000023,NA,0
9/1/46,NA,NA,NA,15,NA,0
10/1/46,NA,NA,NA,14.92000008,NA,0
11/1/46,NA,NA,NA,15.06999969,NA,0
12/1/46,NA,NA,NA,14.43999958,NA,0
1/1/47,NA,58497,NA,15.19999981,NA,0
2/1/47,NA,58497,NA,15.80000019,NA,0
3/1/47,NA,58497,NA,15.40999985,NA,0
4/1/47,NA,60672,NA,15.22999954,NA,0
5/1/47,NA,60672,NA,14.68999958,NA,0
6/1/47,NA,60672,NA,14.30000019,NA,0
7/1/47,NA,62196,NA,15.46000004,NA,0
8/1/47,NA,62196,NA,15.80000019,NA,0
9/1/47,NA,62196,NA,15.36999989,NA,0
10/1/47,NA,68250,NA,15.15999985,NA,0
11/1/47,NA,68250,NA,15.46000004,NA,0
12/1/47,NA,68250,NA,15.06999969,NA,0
1/1/48,NA,64258,4,15.34000015,NA,0
2/1/48,NA,64258,4.7,14.71000004,NA,0
3/1/48,NA,64258,4.5,14.06999969,NA,0
4/1/48,NA,66539,4,15.11999989,NA,0
5/1/48,NA,66539,3.4,15.60000038,NA,0
6/1/48,NA,66539,3.9,16.73999977,NA,0
7/1/48,NA,69378,3.9,16.70000076,NA,0
8/1/48,NA,69378,3.6,15.85000038,NA,0
9/1/48,NA,69378,3.4,16.15999985,NA,0
10/1/48,NA,74295,2.9,15.67000008,NA,0
11/1/48,NA,74295,3.3,16.70000076,NA,0
12/1/48,NA,74295,3.6,15.01000023,NA,0
1/1/49,NA,66185,5,14.94999981,NA,0
2/1/49,NA,66185,5.8,15.34000015,NA,0
3/1/49,NA,66185,5.6,14.71000004,NA,0
4/1/49,NA,66340,5.4,14.93999958,NA,0
5/1/49,NA,66340,5.7,14.77999973,NA,0
6/1/49,NA,66340,6.4,14.14000034,NA,0
7/1/49,NA,68625,7,14.26000023,NA,0
8/1/49,NA,68625,6.3,15.11999989,NA,0
9/1/49,NA,68625,5.9,15.31000042,NA,0
10/1/49,NA,71322,6.1,15.60000038,NA,0
11/1/49,NA,71322,5.7,16.20000076,NA,0
12/1/49,NA,71322,6,16.14999962,NA,0
1/1/50,NA,68032,7.6,16.65999985,NA,0
2/1/50,NA,68032,7.9,17.04999924,NA,0
3/1/50,NA,68032,7.1,17.23999977,NA,0
4/1/50,NA,70872,6,17.53000069,NA,0
5/1/50,NA,70872,5.3,18.21999931,NA,0
6/1/50,NA,70872,5.6,18.77000046,NA,0
7/1/50,NA,77178,5.3,17.63999939,NA,0
8/1/50,NA,77178,4.1,18.02000046,NA,0
9/1/50,NA,77178,4,18.54999924,NA,0
10/1/50,NA,83746,3.3,19.69000053,NA,0
11/1/50,NA,83746,3.8,19.55999947,NA,0
12/1/50,NA,83746,3.9,19.65999985,NA,0
1/1/51,NA,81603,4.4,20.77000046,NA,0
2/1/51,NA,81603,4.2,21.77000046,NA,0
3/1/51,NA,81603,3.8,21.85000038,NA,0
4/1/51,NA,84645,3.2,21.31999969,NA,0
5/1/51,NA,84645,2.9,22.53000069,NA,0
6/1/51,NA,84645,3.4,21.47999954,NA,0
7/1/51,NA,87586,3.3,21.10000038,NA,0
8/1/51,NA,87586,2.9,22.51000023,NA,0
9/1/51,NA,87586,3,23.28000069,NA,0
10/1/51,NA,93076,2.8,23.46999931,NA,0
11/1/51,NA,93076,3.2,23.10000038,NA,0
12/1/51,NA,93076,2.9,23.01000023,NA,0
1/1/52,NA,87610,3.7,23.79999924,NA,0
2/1/52,NA,87610,3.8,24.29999924,NA,0
3/1/52,NA,87610,3.3,23.29000092,NA,0
4/1/52,NA,88913,3,24.18000031,NA,0
5/1/52,NA,88913,2.9,23.17000008,NA,0
6/1/52,NA,88913,3.2,23.79999924,NA,0
7/1/52,NA,91270,3.3,25.12000084,NA,0
8/1/52,NA,91270,3.1,25.45000076,NA,0
9/1/52,NA,91270,2.7,25.14999962,NA,0
10/1/52,NA,99548,2.4,24.47999954,NA,0
11/1/52,NA,99548,2.5,24.60000038,NA,0
12/1/52,NA,99548,2.5,25.68000031,NA,0
1/1/53,NA,94008,3.4,26.54000092,NA,0
2/1/53,NA,94008,3.2,26.51000023,NA,0
3/1/53,NA,94008,2.9,25.93000031,NA,0
4/1/53,NA,97392,2.8,25.25,NA,0
5/1/53,NA,97392,2.5,24.72999954,NA,0
6/1/53,NA,97392,2.7,24.14999962,NA,0
7/1/53,NA,96695,2.7,24.23999977,NA,0
8/1/53,NA,96695,2.4,24.84000015,NA,0
9/1/53,NA,96695,2.6,23.42000008,NA,0
10/1/53,NA,101121,2.5,23.48999977,NA,0
11/1/53,NA,101121,3.2,24.65999985,NA,0
12/1/53,NA,101121,4.2,24.78000069,NA,0
1/1/54,NA,93581,5.7,24.95000076,NA,0
2/1/54,NA,93581,6.3,25.98999977,NA,0
3/1/54,NA,93581,6.4,26.25,NA,0
4/1/54,NA,96090,6.1,27.17000008,NA,0
5/1/54,NA,96090,5.7,28.20999908,NA,0
6/1/54,NA,96090,5.7,29.19000053,NA,0
7/1/54,NA,96905,5.7,29.20999908,NA,0
8/1/54,NA,96905,5.4,30.98999977,NA,0
9/1/54,NA,96905,5.3,30.04000092,NA,0
10/1/54,NA,103980,4.6,32.29000092,NA,0
11/1/54,NA,103980,4.9,31.79000092,NA,0
12/1/54,NA,103980,4.8,33.99000168,NA,0
1/1/55,NA,99833,5.8,36.75,NA,0
2/1/55,NA,99833,5.7,36.72000122,NA,0
3/1/55,NA,99833,5.2,36.83000183,NA,0
4/1/55,NA,104406,4.9,36.95000076,NA,0
5/1/55,NA,104406,4.2,38.04000092,NA,0
6/1/55,NA,104406,4.4,37.95999908,NA,0
7/1/55,NA,107058,4,41.18999863,NA,0
8/1/55,NA,107058,3.8,42.93000031,NA,0
9/1/55,NA,107058,3.5,43.36999893,NA,0
10/1/55,NA,114181,3.4,42.49000168,NA,0
11/1/55,NA,114181,3.8,42.27999878,NA,0
12/1/55,NA,114181,3.9,45.34999847,NA,0
1/1/56,NA,106892,4.7,45.15999985,NA,0
2/1/56,NA,106892,4.8,44.02999878,NA,0
3/1/56,NA,106892,4.7,45.54000092,NA,0
4/1/56,NA,110356,4.1,48.70000076,NA,0
5/1/56,NA,110356,4.2,48.15999985,NA,0
6/1/56,NA,110356,4.7,45.58000183,NA,0
7/1/56,NA,111816,4.4,46.93000031,NA,0
8/1/56,NA,111816,3.7,49.61999893,NA,0
9/1/56,NA,111816,3.4,47.88999939,NA,0
10/1/56,NA,120287,3.1,44.70000076,NA,0
11/1/56,NA,120287,3.9,46.52000046,NA,0
12/1/56,NA,120287,4,45.97999954,NA,0
1/1/57,28.4,113459,4.9,46.20000076,NA,0
2/1/57,28.5,113459,4.7,44.61999893,NA,0
3/1/57,28.6,113459,4.3,43.74000168,NA,0
4/1/57,28.6,117125,4,44.13999939,NA,0
5/1/57,28.7,117125,3.9,46.02000046,NA,0
6/1/57,28.8,117125,4.6,47.36999893,NA,0
7/1/57,29,119108,4.1,47.43000031,NA,0
8/1/57,29.1,119108,3.7,47.79000092,NA,0
9/1/57,29.1,119108,3.7,45.43999863,NA,0
10/1/57,29.1,124349,3.6,42.75999832,NA,0
11/1/57,29.2,124349,4.6,40.43999863,NA,0
12/1/57,29.3,124349,5,41.36000061,NA,0
1/1/58,29.4,113202,6.8,40.33000183,NA,0
2/1/58,29.5,113202,7.7,42.04000092,NA,0
3/1/58,29.7,113202,7.7,41.13000107,NA,0
4/1/58,29.7,117802,7.5,41.93000031,NA,0
5/1/58,29.7,117802,7.1,43.54000092,NA,0
6/1/58,29.7,117802,7.6,44.31000137,NA,0
7/1/58,29.7,120079,7.4,45.27999878,NA,0
8/1/58,29.7,120079,6.7,47.49000168,NA,0
9/1/58,29.7,120079,6,48,NA,0
10/1/58,29.7,130149,5.5,49.97999954,NA,0
11/1/58,29.8,130149,5.6,51.56000137,NA,0
12/1/58,29.8,130149,6,52.68999863,NA,0
1/1/59,29.8,123707,7,55.43999863,NA,0
2/1/59,29.8,123707,7,55.20999908,NA,0
3/1/59,29.7,123707,6.4,55.72999954,NA,0
4/1/59,29.8,131641,5.2,55.68999863,NA,0
5/1/59,29.8,131641,4.9,57.65000153,NA,0
6/1/59,29.9,131641,5.4,58.63000107,NA,0
7/1/59,30,130194,5.2,58.97000122,NA,0
8/1/59,30,130194,4.8,60.70999908,NA,0
9/1/59,30.1,130194,4.7,58.86999893,NA,0
10/1/59,30.2,136112,4.7,56.93999863,NA,0
11/1/59,30.2,136112,5.3,57.40999985,NA,0
12/1/59,30.2,136112,5.1,58.70000076,NA,0
1/1/60,30.2,131022,6.1,59.90999985,NA,0
2/1/60,30.3,131022,5.7,55.95999908,NA,0
3/1/60,30.2,131022,6.1,56.00999832,NA,0
4/1/60,30.4,136488,5.2,55.43000031,NA,0
5/1/60,30.4,136488,4.8,54.13000107,NA,0
6/1/60,30.4,136488,5.8,55.88999939,NA,0
7/1/60,30.4,135021,5.5,57.06000137,NA,0
8/1/60,30.4,135021,5.2,55.52999878,NA,0
9/1/60,30.4,135021,4.7,57.09000015,NA,0
10/1/60,30.6,139850,5,53.36000061,NA,0
11/1/60,30.6,139850,5.6,53.93999863,NA,0
12/1/60,30.6,139850,6.4,55.29999924,NA,0
1/1/61,30.6,132138,7.7,57.56999969,NA,0
2/1/61,30.6,132138,8.1,61.90000153,NA,0
3/1/61,30.7,132138,7.7,63.43000031,NA,0
4/1/61,30.7,140168,7,65.59999847,NA,0
5/1/61,30.7,140168,6.6,65.16999817,NA,0
6/1/61,30.6,140168,7.3,66.55999756,NA,0
7/1/61,30.7,140509,6.9,65.20999908,NA,0
8/1/61,30.8,140509,6.2,67.37000275,NA,0
9/1/61,30.8,140509,5.8,68.19000244,NA,0
10/1/61,30.8,149394,5.5,66.76999664,NA,0
11/1/61,30.8,149394,5.6,68.73000336,NA,0
12/1/61,30.8,149394,5.8,71.77999878,NA,0
1/1/62,30.9,144274,6.7,70.95999908,NA,0
2/1/62,30.9,144274,6.5,69.26000214,NA,0
3/1/62,31.1,144274,6.2,70.19999695,NA,0
4/1/62,31.1,150952,5.5,69.37000275,NA,0
5/1/62,31.1,150952,5.1,65.69999695,NA,0
6/1/62,31.1,150952,5.9,59.38000107,NA,0
7/1/62,31.1,150614,5.3,55.86000061,NA,0
8/1/62,31.2,150614,5.3,57.75,NA,0
9/1/62,31.3,150614,4.9,58.56000137,NA,0
10/1/62,31.3,158078,4.5,55.49000168,NA,0
11/1/62,31.3,158078,5.3,57.11999893,NA,0
12/1/62,31.2,158078,5.3,61.93999863,NA,0
1/1/63,31.3,150949,6.6,62.68999863,NA,0
2/1/63,31.3,150949,6.9,66.30999756,NA,0
3/1/63,31.4,150949,6.3,64.09999847,NA,0
4/1/63,31.4,158886,5.6,66.84999847,NA,0
5/1/63,31.4,158886,5.5,69.97000122,NA,0
6/1/63,31.5,158886,6.2,70.69000244,NA,0
7/1/63,31.6,159597,5.6,68.86000061,NA,0
8/1/63,31.6,159597,5.2,69.06999969,NA,0
9/1/63,31.6,159597,4.8,72.66000366,NA,0
10/1/63,31.7,168017,4.7,72.22000122,NA,0
11/1/63,31.7,168017,5.3,73.83000183,NA,0
12/1/63,31.8,168017,5.3,73.66000366,NA,0
1/1/64,31.8,162413,6.4,75.43000031,NA,0
2/1/64,31.9,162413,6.2,76.97000122,NA,0
3/1/64,31.9,162413,5.9,77.97000122,NA,0
4/1/64,31.9,170097,5.3,79.23999786,NA,0
5/1/64,31.9,170097,4.8,80.16999817,NA,0
6/1/64,31.9,170097,5.9,80.11000061,NA,0
7/1/64,31.9,171593,4.9,82.26999664,NA,0
8/1/64,32,171593,4.8,83,NA,0
9/1/64,32,171593,4.5,82.18000031,NA,0
10/1/64,32.1,180356,4.4,84.08000183,NA,0
11/1/64,32.2,180356,4.5,85.18000031,NA,0
12/1/64,32.2,180356,4.7,83.55000305,NA,0
1/1/65,32.2,173462,5.5,84.23000336,NA,0
2/1/65,32.2,173462,5.7,87.58000183,NA,0
3/1/65,32.3,173462,5.1,87.25,NA,0
4/1/65,32.3,183818,4.7,86.31999969,NA,0
5/1/65,32.4,183818,4.3,89.23000336,NA,0
6/1/65,32.6,183818,5.3,88.72000122,NA,0
7/1/65,32.5,185525,4.5,84.48000336,NA,0
8/1/65,32.5,185525,4.2,85.41999817,NA,0
9/1/65,32.6,185525,3.8,87.16999817,NA,0
10/1/65,32.6,199483,3.6,89.90000153,NA,0
11/1/65,32.7,199483,3.9,92.23000336,NA,0
12/1/65,32.8,199483,3.7,91.5,NA,0
1/1/66,32.8,191022,4.4,92.18000031,NA,0
2/1/66,33,191022,4.2,92.16000366,NA,0
3/1/66,33.2,191022,4,90.05999756,NA,0
4/1/66,33.3,201635,3.6,89.94000244,NA,0
5/1/66,33.4,201635,3.7,90.90000153,NA,0
6/1/66,33.4,201635,4.6,86.09999847,NA,0
7/1/66,33.5,203439,3.9,85.61000061,NA,0
8/1/66,33.7,203439,3.6,82.30999756,NA,0
9/1/66,33.8,203439,3.3,77.69999695,NA,0
10/1/66,33.9,217316,3.2,74.90000153,NA,0
11/1/66,33.9,217316,3.4,80.80999756,NA,0
12/1/66,33.9,217316,3.5,80.08000183,NA,0
1/1/67,34,204098,4.2,80.37999725,NA,0
2/1/67,34,204098,4.2,86.43000031,134.3,0
3/1/67,34.1,204098,3.9,87.68000031,NA,0
4/1/67,34.1,213246,3.5,89.23999786,140.7,0
5/1/67,34.3,213246,3.2,93.83999634,NA,0
6/1/67,34.3,213246,4.6,90.23000336,134,0
7/1/67,34.4,214456,4.1,90.91000366,NA,0
8/1/67,34.6,214456,3.7,95.37000275,130.1,0
9/1/67,34.7,214456,3.7,93.68000031,NA,0
10/1/67,34.8,228140,3.8,96.31999969,134.5,0
11/1/67,34.9,228140,3.7,92.70999908,NA,0
12/1/67,35,228140,3.5,94.5,136.1,0
1/1/68,35.2,218405,4,96.11000061,NA,0
2/1/68,35.3,218405,4.2,92.55999756,137.9,0
3/1/68,35.5,218405,3.8,89.11000061,NA,0
4/1/68,35.6,234781,3.2,92.48000336,136.6,0
5/1/68,35.7,234781,2.9,97.97000122,NA,0
6/1/68,35.8,234781,4.5,99.98999786,130.7,0
7/1/68,36,235737,4,99.40000153,NA,0
8/1/68,36.1,235737,3.5,97.27999878,131.3,0
9/1/68,36.3,235737,3.3,99.31999969,NA,0
10/1/68,36.5,251704,3.2,102.8600006,142.3,0
11/1/68,36.6,251704,3.3,103.0599976,NA,0
12/1/68,36.7,251704,3.1,108.1200027,137.9,0
1/1/69,36.9,238912,3.7,103.9300003,NA,0
2/1/69,37,238912,3.7,102.8899994,138.2,0
3/1/69,37.3,238912,3.5,98.37999725,NA,0
4/1/69,37.5,254764,3.2,101.4199982,136.6,0
5/1/69,37.7,254764,2.9,103.5100021,NA,0
6/1/69,37.9,254764,4.1,102.9400024,137.9,0
7/1/69,38,255302,3.8,98.08000183,NA,0
8/1/69,38.2,255302,3.5,93.47000122,131.7,0
9/1/69,38.5,255302,3.7,95.54000092,NA,0
10/1/69,38.6,268638,3.5,92.51999664,126.8,0
11/1/69,38.8,268638,3.3,97.15000153,NA,0
12/1/69,39.1,268638,3.2,93.22000122,126,0
1/1/70,39.3,253998,4.2,93,NA,0
2/1/70,39.5,253998,4.7,85.75,101.7,0
3/1/70,39.7,253998,4.6,89.70999908,NA,0
4/1/70,39.9,268532,4.3,90.06999969,98,0
5/1/70,40.1,268532,4.1,81.44000244,NA,0
6/1/70,40.2,268532,5.6,77.83999634,88.1,0
7/1/70,40.3,268019,5.3,72.94000244,NA,0
8/1/70,40.5,268019,5,77.01999664,91,0
9/1/70,40.7,268019,5.2,80.94999695,NA,0
10/1/70,40.9,282764,5.1,84.31999969,83.2,0
11/1/70,41,282764,5.5,83.51000214,NA,0
12/1/70,41.2,282764,5.6,87.47000122,75.7,0
1/1/71,41.3,273782,6.6,91.15000153,NA,0
2/1/71,41.4,273782,6.6,96.41999817,77.4,0
3/1/71,41.5,273782,6.3,97,NA,0
4/1/71,41.7,291216,5.7,100.3899994,75.2,0
5/1/71,41.9,291216,5.3,103.2900009,NA,0
6/1/71,42.1,291216,6.5,100.1999969,82.3,0
7/1/71,42.1,291043,6.2,99.77999878,NA,0
8/1/71,42.2,291043,5.9,95.95999908,82.1,0
9/1/71,42.3,291043,5.8,99.06999969,NA,0
10/1/71,42.3,308808,5.4,98.93000031,80.3,0
11/1/71,42.5,308808,5.7,92.80000305,NA,0
12/1/71,42.6,308808,5.5,95.44000244,85,0
1/1/72,42.8,299204,6.5,101.6699982,NA,0
2/1/72,42.9,299204,6.4,104.0100021,93.6,0
3/1/72,43,299204,6.1,107.3499985,NA,0
4/1/72,43.1,318894,5.5,107.4800034,95.1,0
5/1/72,43.2,318894,5.1,106.6900024,NA,0
6/1/72,43.3,318894,6.2,109.6900024,98.9,0
7/1/72,43.4,319052,5.9,107.4899979,NA,0
8/1/72,43.6,319052,5.5,108.4000015,104.1,0
9/1/72,43.7,319052,5.4,111.5100021,NA,0
10/1/72,43.8,341962,5.1,110.1600037,112,0
11/1/72,43.9,341962,4.9,112.6699982,NA,0
12/1/72,44.1,341962,4.8,117.3799973,116.1,0
1/1/73,44.3,333807,5.5,119.0999985,NA,0
2/1/73,44.5,333807,5.6,114.7600021,110.8,0
3/1/73,45,333807,5.2,111.0500031,NA,0
4/1/73,45.3,354356,4.8,110.1800003,102.8,0
5/1/73,45.6,354356,4.4,107.0999985,NA,0
6/1/73,45.9,354356,5.4,103.9300003,104.4,0
7/1/73,45.9,354349,5,102.9000015,NA,0
8/1/73,46.7,354349,4.7,106.8300018,93.8,0
9/1/73,46.9,354349,4.7,104.5100021,NA,0
10/1/73,47.2,382865,4.2,108.2099991,107.5,0
11/1/73,47.5,382865,4.6,107.6900024,NA,0
12/1/73,47.7,382865,4.6,93.90000153,70.6,0
1/1/74,48.1,361840,5.7,97.68000031,NA,0
2/1/74,48.6,361840,5.8,95.31999969,62.7,0
3/1/74,49,361840,5.3,95.52999878,NA,0
4/1/74,49.3,384120,4.8,93.25,95.1,0
5/1/74,49.7,384120,4.6,92.22000122,NA,0
6/1/74,50.2,384120,5.8,89.09999847,92.5,0
7/1/74,50.5,385975,5.7,86.01999664,NA,0
8/1/74,51.2,385975,5.3,78.75,77.3,0
9/1/74,51.8,385975,5.7,70.51999664,NA,0
10/1/74,52.3,413310,5.5,63.38999939,54.5,0
11/1/74,52.8,413310,6.2,73.87999725,NA,0
12/1/74,53.3,413310,6.7,68.11000061,43.2,0
1/1/75,53.7,391688,9,70.23000336,NA,0
2/1/75,53.9,391688,9.1,77.81999969,54.5,0
3/1/75,54.1,391688,9.1,83.02999878,NA,0
4/1/75,54.3,414253,8.6,82.63999939,66.4,0
5/1/75,54.5,414253,8.3,88.09999847,NA,0
6/1/75,54.8,414253,9.1,92.58000183,72.2,0
7/1/75,55.3,423323,8.7,94.84999847,NA,0
8/1/75,55.5,423323,8.2,87.98999786,82.4,0
9/1/75,55.8,423323,8.1,85.48000336,NA,0
10/1/75,56.2,455641,7.8,82.93000031,77.6,0
11/1/75,56.6,455641,7.8,88.08999634,NA,0
12/1/75,56.9,455641,7.8,90.66999817,93.7,0
1/1/76,57.1,441178,8.8,90.90000153,NA,0
2/1/76,57.2,441178,8.7,100.8700027,101,0
3/1/76,57.3,441178,8.1,100.0199966,NA,0
4/1/76,57.4,465343,7.4,102.2399979,89.5,0
5/1/76,57.7,465343,6.8,100.9199982,NA,0
6/1/76,57.9,465343,8,99.84999847,94.5,0
7/1/76,58.3,466535,7.8,103.5899963,NA,0
8/1/76,58.7,466535,7.6,103.1900024,94.6,0
9/1/76,59,466535,7.4,104.0599976,NA,0
10/1/76,59.2,500358,7.2,104.1699982,87.1,0
11/1/76,59.5,500358,7.4,103.0999985,NA,0
12/1/76,59.7,500358,7.4,102.4899979,98.9,0
1/1/77,59.9,481996,8.3,107,NA,0
2/1/77,60.5,481996,8.5,102.5400009,97.6,0
3/1/77,60.8,481996,7.9,100.6600037,NA,0
4/1/77,61.2,515010,6.9,99.20999908,93.1,0
5/1/77,61.4,515010,6.4,98.93000031,NA,0
6/1/77,61.8,515010,7.5,96.93000031,98.2,0
7/1/77,62.1,526844,7,100.0999985,97.5,0
8/1/77,62.4,526844,6.8,99.12000275,98.7,0
9/1/77,62.7,526844,6.6,96.83000183,96.7,0
10/1/77,62.9,557979,6.4,96.73999786,95.5,0
11/1/77,63.2,557979,6.5,91.34999847,98.9,0
12/1/77,63.6,557979,6,94.69000244,109.7,0
1/1/78,64,534990,7.1,93.81999969,107.8,0
2/1/78,64.4,534990,6.9,89.93000031,107,0
3/1/78,64.9,534990,6.6,87.19000244,104.7,0
4/1/78,65.4,583171,5.8,88.45999908,109.9,0
5/1/78,66,583171,5.5,97.66999817,105.5,0
6/1/78,66.5,583171,6.2,97.34999847,109.5,0
7/1/78,67,596032,6.3,95.08999634,105.4,0
8/1/78,67.5,596032,5.9,100.6600037,108,0
9/1/78,68,596032,5.8,103.6800003,106.6,0
10/1/78,68.5,637402,5.4,102.9599991,108.6,0
11/1/78,68.9,637402,5.6,96.84999847,96.5,0
12/1/78,69.4,637402,5.7,96.27999878,102.2,0
1/1/79,70,618499,6.4,96.73000336,99.5,0
2/1/79,70.7,618499,6.4,99.95999908,101.5,0
3/1/79,71.4,618499,6.1,96.90000153,96.4,0
4/1/79,71.9,648326,5.5,100.9000015,94.6,0
5/1/79,72.5,648326,5.2,101.6800003,96,0
6/1/79,72.9,648326,6,99.16999817,92.7,0
7/1/79,73.5,658706,5.9,101.9899979,81.4,0
8/1/79,74.1,658706,5.9,104.1699982,79.4,0
9/1/79,74.8,658706,5.7,107.4400024,87.8,0
10/1/79,75.4,701800,5.6,108.5599976,92.3,0
11/1/79,76.1,701800,5.6,102.5699997,90.2,0
12/1/79,77.1,701800,5.7,105.8300018,90.7,0
1/1/80,77.9,683564,6.9,105.7600021,85.9,0
2/1/80,78.6,683564,6.8,115.1200027,85.3,0
3/1/80,79.6,683564,6.6,112.5,80.8,0
4/1/80,80.4,698570,6.7,102.1800003,60.5,0
5/1/80,81.1,698570,7.1,105.4599991,50.1,0
6/1/80,81.9,698570,7.8,110.7600021,56.1,0
7/1/80,81.9,707671,7.9,114.9300003,65.4,0
8/1/80,82.6,707671,7.6,121.2099991,70.8,0
9/1/80,83.5,707671,7.2,123.7399979,80.3,0
10/1/80,84.3,767505,7.1,127.1299973,84.2,0
11/1/80,85.2,767505,7.1,129.0399933,87.2,0
12/1/80,86.1,767505,6.9,137.2100067,78.6,0
1/1/81,86.6,758799,8.2,136.3399963,74.4,0
2/1/81,87.1,758799,8,126.9100037,69,0
3/1/81,87.5,758799,7.7,132.0099945,77.8,0
4/1/81,88.1,791530,7,136.5700073,81.6,0
5/1/81,88.7,791530,7.1,132.7200012,86.9,0
6/1/81,89.4,791530,7.7,132.4100037,83,0
7/1/81,90.5,811659,7.3,129.7700043,83.5,0
8/1/81,91.4,811659,7.2,130.4799957,85.7,0
9/1/81,92.5,811659,7.3,123.0199966,77.6,0
10/1/81,92.6,845052,7.5,117.0800018,75.6,0
11/1/81,93,845052,7.9,124.1999969,66.9,0
12/1/81,93.4,845052,8.3,126.0999985,66.6,0
1/1/82,93.8,803715,9.4,122.7399979,64.9,0
2/1/82,94.3,803715,9.6,117.7799988,62.3,0
3/1/82,94.4,803715,9.5,113.3099976,56.7,0
4/1/82,95,831458,9.2,113.7900009,57,0
5/1/82,95.7,831458,9.1,116.8199997,61.4,0
6/1/82,96.4,831458,9.8,111.6800003,56.7,0
7/1/82,96.9,834528,9.8,108.7099991,63.2,0
8/1/82,97.2,834528,9.6,108.9800034,56.9,0
9/1/82,97.5,834528,9.7,118.25,58.1,0
10/1/82,97.6,874081,9.9,121.9700012,54.3,0
11/1/82,97.6,874081,10.4,135.4700012,57.4,0
12/1/82,97.4,874081,10.5,138.7200012,59.5,0
1/1/83,97.7,850380,11.4,138.3399963,59,0
2/1/83,98.1,850380,11.3,142.9600067,67.6,0
3/1/83,98.4,850380,10.8,150.8800049,79.4,0
4/1/83,98.8,895388,10,153.0200043,83.1,0
5/1/83,99.1,895388,9.8,162.1100006,87.7,0
6/1/83,99.3,895388,10.2,162.5500031,87.5,0
7/1/83,99.7,916516,9.4,168.6399994,89,0
8/1/83,100.1,916516,9.2,162.0399933,91.2,0
9/1/83,100.4,916516,8.8,164.2299957,91.1,0
10/1/83,100.8,971755,8.4,165.8099976,92.1,0
11/1/83,101.2,971755,8.1,163.6600037,96.7,0
12/1/83,101.6,971755,8,166.4900055,103.6,0
1/1/84,102.4,962905,8.8,164.0399933,103.9,0
2/1/84,102.8,962905,8.4,162.7400055,101,0
3/1/84,103.1,962905,8.1,158.1900024,101.1,0
4/1/84,103.5,1002687,7.6,157.9799957,106.1,0
5/1/84,103.8,1002687,7.2,161.6799927,104.8,0
6/1/84,104.2,1002687,7.4,153.2400055,105.8,0
7/1/84,104.6,1011924,7.5,153.1999969,100.4,0
8/1/84,105.1,1011924,7.3,154.0800018,103.1,0
9/1/84,105.3,1011924,7.1,164.8800049,100,0
10/1/84,105.7,1060096,7,164.6199951,99.1,0
11/1/84,105.9,1060096,6.9,167.4900055,105.5,0
12/1/84,106.3,1060096,7,162.8200073,97,0
1/1/85,106.5,1033006,8,165.3699951,102,0
2/1/85,107.2,1033006,7.8,178.6300049,103.1,0
3/1/85,107.5,1033006,7.5,183.2299957,96.1,0
4/1/85,107.7,1073981,7.1,181.2700043,104.4,0
5/1/85,108,1073981,7,178.3699951,99.6,0
6/1/85,108.3,1073981,7.5,189.3200073,102.6,0
7/1/85,108.5,1090905,7.4,192.4299927,103.2,0
8/1/85,108.8,1090905,6.9,192.1100006,100.9,0
9/1/85,109.1,1090905,6.9,187.9100037,96,0
10/1/85,109.5,1141088,6.8,185.0700073,96.1,0
11/1/85,110.1,1141088,6.7,191.5299988,98.1,0
12/1/85,110.5,1141088,6.7,200.4600067,98.2,0
1/1/86,110.9,1104498,7.3,209.5899963,96.9,0
2/1/86,111.1,1104498,7.8,213.9600067,96,0
3/1/86,111.4,1104498,7.5,225.4199982,95.1,0
4/1/86,111.8,1138030,7,235.1399994,100,0
5/1/86,112,1138030,7,235.1600037,100.2,0
6/1/86,112.3,1138030,7.3,245.0399933,100,0
7/1/86,112.8,1148813,7,252.0399933,97.5,0
8/1/86,113.2,1148813,6.7,234.9100037,91.7,0
9/1/86,113.6,1148813,6.8,248.5200043,89.7,0
10/1/86,114,1188288,6.6,233.6000061,85.8,0
11/1/86,114.4,1188288,6.6,245.8000031,89.7,0
12/1/86,114.7,1188288,6.3,249.0500031,93.2,0
1/1/87,115.1,1148876,7.3,246.4499969,85.4,0
2/1/87,115.4,1148876,7.2,276.4500122,91.8,0
3/1/87,115.8,1148876,6.9,283,95.8,0
4/1/87,116.3,1205023,6.2,292.3800049,97.4,0
5/1/87,116.8,1205023,6.1,288.0299988,103,0
6/1/87,117.1,1205023,6.3,289.8299866,102.1,0
7/1/87,117.3,1218373,6.1,302.9400024,105.8,0
8/1/87,117.8,1218373,5.8,317.5700073,110.7,0
9/1/87,118.3,1218373,5.7,323.3999939,115.7,0
10/1/87,118.7,1282952,5.7,327.3299866,115.1,0
11/1/87,119.1,1282952,5.6,255.75,100.8,0
12/1/87,119.4,1282952,5.4,232,107.7,0
1/1/88,119.8,1236534,6.3,255.9400024,109.9,0
2/1/88,120,1236534,6.2,255.0399933,114.9,0
3/1/88,120.5,1236534,5.9,267.2200012,112.7,0
4/1/88,121.1,1297399,5.3,256.0899963,115.7,0
5/1/88,121.5,1297399,5.4,261.5599976,120.2,0
6/1/88,122,1297399,5.5,266.6900024,115.7,0
7/1/88,122.6,1319724,5.5,271.7799988,113.5,0
8/1/88,123,1319724,5.4,272.2099915,119.7,0
9/1/88,123.7,1319724,5.2,258.3500061,110.7,0
10/1/88,124.1,1382783,5,271.3800049,116.9,0
11/1/88,124.5,1382783,5.2,279.0599976,112.9,0
12/1/88,125,1382783,5,272.4899902,119.4,0
1/1/89,125.5,1346036,6,275.3099976,115.8,0
2/1/89,125.9,1346036,5.6,297.0899963,120.7,0
3/1/89,126.4,1346036,5.2,287.1099854,117.4,0
4/1/89,126.9,1405607,5.1,296.3900146,116.6,0
5/1/89,127.5,1405607,5,309.1199951,116.7,0
6/1/89,127.9,1405607,5.5,321.9700012,117.2,0
7/1/89,128.4,1418867,5.3,319.230011,120.4,0
8/1/89,128.7,1418867,5.1,343.75,115.4,0
9/1/89,129.1,1418867,5.1,353.730011,116.3,0
10/1/89,129.8,1471062,5,350.8699951,117,0
11/1/89,130.3,1471062,5.2,341.2000122,115.1,0
12/1/89,130.8,1471062,5.1,350.6300049,113,0
1/1/90,131.5,1434375,6,359.6900024,106.5,0
2/1/90,132.2,1434375,5.9,328.7900085,106.7,0
3/1/90,132.9,1434375,5.5,332.7399902,110.6,0
4/1/90,133.3,1490965,5.3,338.7000122,107.3,0
5/1/90,133.6,1490965,5.2,332.25,107.3,0
6/1/90,134.4,1490965,5.4,363.1600037,102.4,0
7/1/90,135.1,1499694,5.6,359.5400085,101.7,0
8/1/90,135.8,1499694,5.5,355.519989,84.7,0
9/1/90,136.3,1499694,5.6,323.0899963,85.6,0
10/1/90,136.8,1538100,5.5,314.9400024,62.6,0
11/1/90,137.2,1538100,5.9,307.019989,61.7,0
12/1/90,137.7,1538100,6,324.1000061,61.2,0
1/1/91,138.5,1475270,7.1,326.4500122,55.1,0
2/1/91,139.1,1475270,7.3,343.0499878,59.4,0
3/1/91,139.4,1475270,7.2,370.4700012,81.1,0
4/1/91,139.9,1532427,6.5,371.2999878,79.4,0
5/1/91,140.3,1532427,6.7,380.2900085,76.4,0
6/1/91,140.8,1532427,7,388.0599976,78,0
7/1/91,141.1,1548990,6.8,377.9200134,77.7,0
8/1/91,141.5,1548990,6.6,387.1199951,76.1,0
9/1/91,141.9,1548990,6.5,392.1499939,72.9,0
10/1/91,142.2,1601443,6.5,389.2000122,60.1,0
11/1/91,142.7,1601443,6.7,391.3200073,52.7,0
12/1/91,143.1,1601443,6.9,381.3999939,52.5,0
1/1/92,143.4,1554707,8.1,417.2600098,50.2,0
2/1/92,143.7,1554707,8.2,409.5299988,47.3,0
3/1/92,144.2,1554707,7.8,412.4500122,56.5,0
4/1/92,144.5,1619581,7.2,404.230011,65.1,0
5/1/92,144.9,1619581,7.3,412.5299988,71.9,0
6/1/92,145.2,1619581,8,417.2999878,72.6,0
7/1/92,145.5,1640744,7.7,412.8800049,61.2,0
8/1/92,146,1640744,7.4,425.0899963,59,0
9/1/92,146.3,1640744,7.3,416.0700073,57.3,0
10/1/92,146.8,1705290,6.9,416.2900085,54.6,0
11/1/92,147.2,1705290,7.1,422.75,65.6,0
12/1/92,147.4,1705290,7.1,430.7799988,78.1,0
1/1/93,147.9,1638139,8,435.3800049,76.7,0
2/1/93,148.4,1638139,7.8,442.519989,68.5,0
3/1/93,148.6,1638139,7.4,442.0100098,63.2,0
4/1/93,149.1,1701841,6.9,450.2999878,67.6,0
5/1/93,149.6,1701841,6.8,442.4599915,61.9,0
6/1/93,149.8,1701841,7.2,453.8299866,58.6,0
7/1/93,150,1724719,7,449.019989,59.2,0
8/1/93,150.5,1724719,6.6,450.1499939,59.3,0
9/1/93,150.7,1724719,6.4,463.1499939,63.8,0
10/1/93,151.1,1793877,6.4,461.2799988,60.5,0
11/1/93,151.6,1793877,6.2,469.1000061,71.9,0
12/1/93,152,1793877,6.1,461.8900146,79.8,0
1/1/94,152.2,1736467,7.3,465.4400024,82.6,0
2/1/94,152.4,1736467,7.1,479.6199951,79.9,0
3/1/94,152.8,1736467,6.8,464.4400024,86.7,0
4/1/94,153.1,1809582,6.2,438.9200134,92.1,0
5/1/94,153.5,1809582,5.9,453.019989,88.9,0
6/1/94,153.9,1809582,6.2,457.6300049,92.5,0
7/1/94,154.3,1837424,6.2,446.2000122,91.3,0
8/1/94,154.8,1837424,5.9,461.0100098,90.4,0
9/1/94,155.1,1837424,5.6,473.1700134,89.5,0
10/1/94,155.3,1903763,5.4,461.7399902,89.1,0
11/1/94,155.7,1903763,5.3,468.4200134,100.4,0
12/1/94,156.1,1903763,5.1,448.9200134,103.4,0
1/1/95,156.5,1835147,6.2,459.1099854,101.4,0
2/1/95,157,1835147,5.9,470.3999939,99.4,0
3/1/95,157.3,1835147,5.7,485.6499939,100.2,0
4/1/95,157.9,1897424,5.6,501.8500061,104.6,0
5/1/95,158.3,1897424,5.5,514.2600098,102,0
6/1/95,158.5,1897424,5.8,533.4899902,94.6,0
7/1/95,158.8,1922827,5.9,547.0900269,101.4,0
8/1/95,159.2,1922827,5.6,559.6400146,102.4,0
9/1/95,159.6,1922827,5.4,563.8400269,97.3,0
10/1/95,160.1,1984353,5.2,581.7199707,96.3,0
11/1/95,160.3,1984353,5.3,584.2199707,101.6,0
12/1/95,160.5,1984353,5.2,606.9799805,99.2,0
1/1/96,161,1925313,6.3,620.7299805,88.4,0
2/1/96,161.4,1925313,6,638.460022,98,0
3/1/96,161.9,1925313,5.8,644.3699951,98.4,0
4/1/96,162.1,2005112,5.4,653.7299805,104.8,0
5/1/96,162.4,2005112,5.4,654.5800171,103.5,0
6/1/96,162.9,2005112,5.5,667.6799927,100.1,0
7/1/96,163.3,2035152,5.6,675.8800049,107,0
8/1/96,163.6,2035152,5.1,650.0200195,112,0
9/1/96,164.1,2035152,5,654.7199707,111.8,0
10/1/96,164.5,2107553,4.9,689.0800171,107.3,0
11/1/96,165,2107553,5,703.7700195,109.5,0
12/1/96,165.2,2107553,5,756.5599976,114.2,0
1/1/97,165.4,2043518,5.9,737.0100098,118.7,0
2/1/97,165.8,2043518,5.7,786.7299805,118.9,0
3/1/97,166.1,2043518,5.5,795.3099976,118.5,0
4/1/97,166.4,2129626,4.8,759.6400146,118.5,0
5/1/97,166.7,2129626,4.7,798.5300293,127.9,0
6/1/97,166.9,2129626,5.2,846.3599854,129.9,0
7/1/97,167.2,2166497,5,891.0300293,126.3,0
8/1/97,167.4,2166497,4.8,947.1400146,127.6,0
9/1/97,167.7,2166497,4.7,927.5800171,130.2,0
10/1/97,168.1,2237911,4.4,955.4099731,123.4,0
11/1/97,168.4,2237911,4.3,938.9899902,128.1,0
12/1/97,168.7,2237911,4.4,974.7700195,136.2,0
1/1/98,169.2,2160749,5.2,975.039978,128.3,0
2/1/98,169.4,2160749,5,1001.27002,137.4,0
3/1/98,169.7,2160749,5,1047.699951,133.8,0
4/1/98,170,2249930,4.1,1108.150024,137.2,0
5/1/98,170.4,2249930,4.2,1121,136.3,0
6/1/98,170.6,2249930,4.7,1090.97998,138.2,0
7/1/98,171,2281444,4.7,1148.560059,137.2,0
8/1/98,171.4,2281444,4.5,1112.439941,133.1,0
9/1/98,171.6,2281444,4.4,994.2600098,126.4,0
10/1/98,172,2370698,4.2,986.3900146,119.3,0
11/1/98,172.3,2370698,4.1,1111.599976,126.4,0
12/1/98,172.8,2370698,4,1175.280029,126.7,0
1/1/99,173.1,2293218,4.8,1228.099976,128.9,0
2/1/99,173.2,2293218,4.7,1273,133.1,0
3/1/99,173.2,2293218,4.4,1236.160034,134,0
4/1/99,173.8,2388561,4.1,1293.719971,135.5,0
5/1/99,174,2388561,4,1354.630005,137.7,0
6/1/99,174.1,2388561,4.5,1294.26001,139,0
7/1/99,174.5,2423833,4.5,1380.959961,136.2,0
8/1/99,174.7,2423833,4.2,1328.050049,136,0
9/1/99,175.2,2423833,4.1,1331.069946,134.2,0
10/1/99,175.5,2525048,3.8,1282.810059,130.5,0
11/1/99,175.8,2525048,3.8,1354.119995,137,0
12/1/99,176.1,2525048,3.7,1397.719971,141.7,0
1/1/00,176.6,2449139,4.5,1455.219971,144.7,0
2/1/00,176.8,2449139,4.4,1409.280029,140.8,0
3/1/00,177.3,2449139,4.3,1379.189941,137.1,0
4/1/00,177.6,2569476,3.7,1505.969971,137.7,0
5/1/00,178.1,2569476,3.8,1468.25,144.7,0
6/1/00,178.4,2569476,4.1,1448.810059,139.2,0
7/1/00,178.9,2578060,4.2,1469.540039,143,0
8/1/00,179.3,2578060,4.1,1438.099976,140.8,0
9/1/00,179.7,2578060,3.8,1520.77002,142.5,0
10/1/00,179.9,2655679,3.6,1436.22998,135.8,0
11/1/00,180.3,2655679,3.7,1421.219971,132.6,0
12/1/00,180.7,2655679,3.7,1315.22998,128.6,0
1/1/01,181.2,2562436,4.7,1283.27002,115.7,0
2/1/01,181.8,2562436,4.6,1373.469971,109.2,0
3/1/01,182.2,2562436,4.5,1241.22998,116.9,0
4/1/01,182.5,2656364,4.2,1145.869995,109.9,0
5/1/01,182.8,2656364,4.1,1266.439941,116.1,0
6/1/01,183.4,2656364,4.7,1260.670044,118.9,0
7/1/01,183.9,2651331,4.7,1236.719971,116.3,0
8/1/01,184.2,2651331,4.9,1215.930054,114,0
9/1/01,184.5,2651331,4.7,1132.939941,97,0
10/1/01,184.9,2711685,5,1038.550049,85.3,0
11/1/01,185.5,2711685,5.3,1084.099976,84.9,0
12/1/01,185.7,2711685,5.4,1129.900024,94.6,0
1/1/02,186,2631119,6.3,1154.670044,97.8,0
2/1/02,186.4,2631119,6.1,1122.199951,95,0
3/1/02,186.6,2631119,6.1,1131.780029,110.7,0
4/1/02,187,2721842,5.7,1146.540039,108.5,0
5/1/02,187.2,2721842,5.5,1086.459961,110.3,0
6/1/02,187.4,2721842,6,1040.680054,106.3,0
7/1/02,187.7,2751463,5.9,968.6500244,97.4,0
8/1/02,188.2,2751463,5.7,884.6599731,94.5,0
9/1/02,188.4,2751463,5.4,878.0200195,93.7,0
10/1/02,188.5,2824686,5.3,847.9099731,79.6,0
11/1/02,188.9,2824686,5.6,900.960022,84.9,0
12/1/02,189.2,2824686,5.7,934.5300293,80.7,0
1/1/03,189.4,2743734,6.5,909.0300293,78.8,0
2/1/03,189.6,2743734,6.4,860.3200073,64.8,0
3/1/03,189.7,2743734,6.2,834.8099976,61.4,0
4/1/03,189.7,2831413,5.8,858.4799805,81,0
5/1/03,190.1,2831413,5.8,916.2999878,83.6,0
6/1/03,190.4,2831413,6.5,967,83.5,0
7/1/03,190.7,2886905,6.3,982.3200073,77,0
8/1/03,191,2886905,6,980.1500244,81.7,0
9/1/03,191.1,2886905,5.8,1021.98999,77,0
10/1/03,191.5,2994399,5.6,1018.219971,81.7,0
11/1/03,191.7,2994399,5.6,1059.02002,92.5,0
12/1/03,192,2994399,5.4,1070.119995,94.8,0
1/1/04,192.3,2924602,6.3,1108.47998,97.7,0
2/1/04,192.6,2924602,6,1135.26001,88.5,0
3/1/04,193.2,2924602,6,1155.969971,88.5,0
4/1/04,193.6,3032386,5.4,1132.170044,93,0
5/1/04,194.1,3032386,5.3,1117.48999,93.1,0
6/1/04,194.4,3032386,5.8,1121.199951,102.8,0
7/1/04,194.7,3069688,5.7,1128.939941,105.7,0
8/1/04,194.8,3069688,5.4,1106.619995,98.7,0
9/1/04,195.2,3069688,5.1,1105.910034,96.7,0
10/1/04,195.8,3190521,5.1,1131.5,92.9,0
11/1/04,196.2,3190521,5.2,1130.51001,92.6,0
12/1/04,196.4,3190521,5.1,1191.369995,102.7,0
1/1/05,196.8,3111329,5.7,1202.079956,105.1,0
2/1/05,197.2,3111329,5.8,1189.410034,104.4,0
3/1/05,197.8,3111329,5.4,1210.410034,103,0
4/1/05,198.1,3232051,4.9,1172.920044,97.5,0
5/1/05,198.4,3232051,4.9,1162.160034,103.1,0
6/1/05,198.5,3232051,5.2,1202.219971,106.2,0
7/1/05,198.8,3306451,5.2,1194.439941,103.6,0
8/1/05,199,3306451,4.9,1235.349976,105.5,0
9/1/05,199.2,3306451,4.8,1221.589966,87.5,0
10/1/05,199.8,3389367,4.6,1226.699951,85.2,0
11/1/05,200.4,3389367,4.8,1202.76001,98.3,0
12/1/05,200.7,3389367,4.6,1264.670044,103.8,0
1/1/06,201.2,3333266,5.1,1268.800049,106.8,0
2/1/06,201.5,3333266,5.1,1282.459961,102.7,0
3/1/06,202.1,3333266,4.8,1291.23999,107.5,0
4/1/06,202.5,3460990,4.5,1297.810059,109.8,0
5/1/06,203.1,3460990,4.4,1305.189941,104.7,0
6/1/06,203.6,3460990,4.8,1285.709961,105.4,0
7/1/06,204,3463694,5,1280.189941,107,0
8/1/06,204.5,3463694,4.6,1270.920044,100.2,0
9/1/06,204.9,3463694,4.4,1311.01001,105.9,0
10/1/06,205.4,3557633,4.1,1331.319946,105.1,0
11/1/06,205.5,3557633,4.3,1367.810059,105.3,0
12/1/06,205.8,3557633,4.3,1396.709961,110,0
1/1/07,206.42,3482006,5,1416.599976,110.2,0
2/1/07,207.084,3482006,4.9,1445.939941,111.2,0
3/1/07,207.432,3482006,4.5,1403.170044,108.2,0
4/1/07,207.79,3613882,4.3,1424.550049,106.3,0
5/1/07,208.175,3613882,4.3,1486.300049,108.5,0
6/1/07,208.585,3613882,4.7,1536.339966,105.3,0
7/1/07,209.012,3637993,4.9,1519.430054,111.9,0
8/1/07,209.425,3637993,4.6,1465.810059,105.6,0
9/1/07,209.947,3637993,4.5,1489.420044,99.5,0
10/1/07,210.489,3740350,4.4,1547.040039,95.2,0
11/1/07,211.111,3740350,4.5,1508.439941,87.8,0
12/1/07,211.598,3740350,4.8,1472.420044,90.6,0
1/1/08,212.302,3657487,5.4,1447.160034,87.3,0
2/1/08,212.564,3657487,5.2,1395.420044,76.4,0
3/1/08,213.034,3657487,5.2,1331.339966,65.9,0
4/1/08,213.434,3715835,4.8,1370.180054,62.8,0
5/1/08,213.89,3715835,5.2,1409.339966,58.1,0
6/1/08,214.506,3715835,5.7,1385.670044,51,0
7/1/08,215.289,3698182,6,1284.910034,51.9,0
8/1/08,215.82,3698182,6.1,1260.310059,58.5,0
9/1/08,216.283,3698182,6,1277.579956,61.4,0
10/1/08,216.486,3698360,6.1,1161.060059,38.8,0
11/1/08,216.683,3698360,6.5,966.2999878,44.7,0
12/1/08,216.665,3698360,7.1,816.210022,38.6,0
1/1/09,217.044,3522117,8.5,931.7999878,37.4,0
2/1/09,217.375,3522117,8.9,825.4400024,25.3,0
3/1/09,217.694,3522117,9,700.8200073,26.9,0
4/1/09,218.022,3598010,8.6,811.0800171,40.8,0
5/1/09,218.133,3598010,9.1,877.5200195,54.8,0
6/1/09,218.308,3598010,9.7,942.8699951,49.3,0
7/1/09,218.367,3623204,9.7,923.3300171,47.4,0
8/1/09,218.562,3623204,9.6,1002.630005,54.5,0
9/1/09,218.901,3623204,9.5,998.039978,53.4,0
10/1/09,219.419,3734738,9.5,1029.849976,48.7,0
11/1/09,219.578,3734738,9.4,1042.880005,50.6,0
12/1/09,219.809,3734738,9.7,1108.859985,53.6,0
1/1/10,219.691,3602418,10.6,1132.98999,56.5,0
2/1/10,219.784,3602418,10.4,1089.189941,46.4,0
3/1/10,219.894,3602418,10.2,1115.709961,52.3,0
4/1/10,219.959,3755370,9.5,1178.099976,57.7,0
5/1/10,220.097,3755370,9.3,1202.26001,62.7,0
6/1/10,220.286,3755370,9.6,1070.709961,54.3,0
7/1/10,220.421,3793867,9.7,1027.369995,51,0
8/1/10,220.582,3793867,9.5,1125.859985,53.2,0
9/1/10,220.864,3793867,9.2,1080.290039,48.6,0
10/1/10,221.011,3897315,9,1146.23999,49.9,0
11/1/10,221.345,3897315,9.3,1184.380005,57.8,0
12/1/10,221.55,3897315,9.1,1206.069946,63.4,0
1/1/11,222.128,3764835,9.8,1271.869995,64.8,0
2/1/11,222.632,3764835,9.5,1307.589966,72,0
3/1/11,223.094,3764835,9.2,1306.329956,63.8,0
4/1/11,223.455,3893028,8.7,1332.410034,66,0
5/1/11,223.965,3893028,8.7,1361.219971,61.7,0
6/1/11,224.494,3893028,9.3,1314.550049,57.6,0
7/1/11,225.08,3927583,9.3,1339.670044,59.2,0
8/1/11,225.799,3927583,9.1,1286.939941,45.2,0
9/1/11,226.175,3927583,8.8,1204.420044,46.4,0
10/1/11,226.536,4014288,8.5,1099.22998,40.9,0
11/1/11,226.901,4014288,8.2,1218.280029,55.2,0
12/1/11,227.396,4014288,8.3,1244.579956,64.8,0
1/1/12,227.893,3960259,8.8,1277.060059,61.5,0
2/1/12,228.015,3960259,8.7,1324.089966,71.6,0
3/1/12,228.458,3960259,8.4,1374.089966,69.5,0
4/1/12,228.888,4047165,7.7,1419.040039,68.7,0
5/1/12,229.183,4047165,7.9,1405.819946,64.4,0
6/1/12,229.592,4047165,8.4,1278.040039,62.7,0
7/1/12,229.909,4086346,8.6,1365.51001,65.4,0
8/1/12,230.192,4086346,8.2,1375.319946,61.3,0
9/1/12,230.575,4086346,7.6,1404.939941,68.4,0
10/1/12,230.951,4160201,7.5,1444.48999,73.1,0
11/1/12,231.272,4160201,7.4,1427.589966,71.5,0
12/1/12,231.671,4160201,7.6,1409.459961,66.7,0
1/1/13,232.147,4065318,8.5,1462.420044,58.4,0
2/1/13,232.43,4065318,8.1,1513.170044,68,0
3/1/13,232.654,4065318,7.6,1518.199951,61.9,0
4/1/13,232.755,4177428,7.1,1562.170044,69,0
5/1/13,232.862,4177428,7.3,1582.699951,74.3,0
6/1/13,233.241,4177428,7.8,1640.420044,82.1,0
7/1/13,233.719,4249371,7.7,1614.959961,81,0
8/1/13,234.144,4249371,7.3,1706.869995,81.8,0
9/1/13,234.461,4249371,7,1639.77002,80.2,0
10/1/13,234.683,4351081,7,1695,72.4,0
11/1/13,235.082,4351081,6.6,1761.640015,72,0
12/1/13,235.456,4351081,6.5,1800.900024,77.5,0
1/1/14,235.675,4203940,7,1831.97998,79.4,0
2/3/14,236.003,4203940,7,1741.890015,78.3,0
3/3/14,236.532,4203940,6.8,1845.72998,83.9,0
4/1/14,237.03,4360754,5.9,1885.52002,81.7,0
5/1/14,237.593,4360754,6.1,1883.680054,82.2,0
6/1/14,237.889,4360754,6.3,1924.969971,86.4,0
7/1/14,238.282,4454942,6.5,1973.319946,90.3,0
8/1/14,238.543,4454942,6.3,1925.150024,93.4,0
9/1/14,238.969,4454942,5.7,2002.280029,89,0
10/1/14,239.37,4531052,5.5,1946.160034,94.1,0
11/1/14,239.676,4531052,5.5,2017.810059,91,0
12/1/14,239.909,4531052,5.4,2053.439941,93.1,0
1/1/15,240.095,4389973,6.1,2058.199951,103.8,0
2/1/15,240.446,4389973,5.8,2020.849976,98.8,0
3/1/15,240.876,4389973,5.6,2117.389893,101.4,0
4/1/15,241.365,4556248,5.1,2059.689941,94.3,0
5/1/15,241.691,4556248,5.3,2108.290039,94.6,0
6/1/15,242.114,4556248,5.5,2111.72998,99.8,0
7/1/15,242.571,4605088,5.6,2077.419922,91,0
8/1/15,242.873,4605088,5.2,2098.040039,101.3,0
9/1/15,243.409,4605088,4.9,1913.849976,102.6,0
10/1/15,243.83,4654715,4.8,1923.819946,99.1,0
11/1/15,244.196,4654715,4.8,2104.050049,92.6,0
12/1/15,244.407,4654715,4.8,2102.629883,96.3,0
1/1/16,244.777,4496788,5.3,2012.660034,97.8,0
2/1/16,245.286,4496788,5.2,1939.380005,94,0
3/1/16,245.542,4496788,5.1,1978.349976,96.1,0
4/1/16,246.115,4666051,4.7,2072.780029,94.7,0
5/1/16,246.557,4666051,4.5,2081.429932,92.4,0
6/1/16,246.873,4666051,5.1,2099.330078,97.4,0
7/1/16,247.115,4720618,5.1,2102.949951,96.7,0
8/1/16,247.632,4720618,5,2170.840088,101.8,0
9/1/16,247.992,4720618,4.8,2170.860107,103.5,0
10/1/16,248.253,4811649,4.7,2161.199951,100.8,0
11/1/16,248.531,4811649,4.4,2111.719971,109.4,0
12/1/16,248.901,4811649,4.5,2191.080078,113.3,0
1/1/17,249.416,4647311,5.1,2257.830078,111.6,0
2/1/17,249.966,4647311,4.9,2279.550049,116.1,0
3/1/17,249.995,4647311,4.6,2395.959961,124.9,0
4/1/17,250.287,4857936,4.1,2358.840088,119.4,0
5/1/17,250.516,4857936,4.1,2388.330078,117.6,0
6/1/17,250.754,4857936,4.5,2430.060059,117.3,0
7/1/17,251.018,4920944,4.6,2429.01001,120,0
8/1/17,251.527,4920944,4.5,2476.350098,120.4,0
9/1/17,251.816,4920944,4.1,2476.550049,120.6,0
10/1/17,252.455,5050987,3.9,2529.120117,126.2,0
11/1/17,252.723,5050987,3.9,2579.360107,128.6,0
12/1/17,253.249,5050987,3.9,2642.219971,123.1,0
1/1/18,253.948,4923798,4.5,2695.810059,124.3,0
2/1/18,254.37,4923798,4.4,2821.97998,130,0
3/1/18,254.87,4923798,4.1,2677.669922,127,0
4/1/18,255.362,5135597,3.7,2581.879883,125.6,0
5/1/18,255.829,5135597,3.6,2654.800049,128.8,0
6/1/18,256.121,5135597,4.2,2734.620117,127.1,0
7/1/18,256.518,5187829,4.1,2726.709961,127.9,0
8/1/18,256.725,5187829,3.9,2813.360107,134.7,0
9/1/18,257.167,5187829,3.6,2896.719971,135.3,0
10/1/18,257.557,5285745,3.5,2924.590088,137.9,0
11/1/18,258.044,5285745,3.5,2740.370117,136.4,0
12/1/18,258.586,5285745,3.7,2790.370117,126.6,0
1/1/19,259.201,5120261,4.4,2510.030029,121.7,0
2/1/19,259.623,5120261,4.1,2706.530029,131.4,0
3/1/19,260.122,5120261,3.9,2803.689941,124.2,0
4/1/19,260.573,5352103,3.3,2867.189941,129.2,0
5/1/19,260.959,5352103,3.4,2923.72998,131.3,0
6/1/19,261.496,5352103,3.8,2744.449951,124.3,0
7/1/19,261.975,5397764,4,2964.330078,135.8,0
8/1/19,262.55,5397764,3.8,2953.560059,134.2,0
9/1/19,263.017,5397764,3.3,2906.27002,126.3,0
10/1/19,263.455,5511056,3.3,2940.25,126.1,0
11/1/19,263.909,5511056,3.3,3066.909912,126.8,0
12/2/19,264.202,5511056,3.4,3113.870117,128.2,0
1/1/20,264.897,5254152,4,3257.850098,130.4,0
2/1/20,265.583,5254152,3.8,3248.919922,132.6,1
3/1/20,265.564,5254152,4.5,3090.22998,118.8,1
4/1/20,265.158,4930197,14.4,2470.5,85.7,1
5/1/20,265.291,4930197,13,2830.709961,85.9,1
6/1/20,265.898,4930197,11.2,3055.72998,98.3,1
7/1/20,266.99,5349433,10.5,3115.860107,91.7,1
8/1/20,267.976,5349433,8.5,3294.610107,86.3,1
9/1/20,268.416,5349433,7.7,3526.649902,101.3,1
10/1/20,268.633,5539370,6.6,3380.800049,101.4,1
11/1/20,269.045,5539370,6.4,3310.23999,92.9,1
12/1/20,269.323,5539370,6.5,3662.449951,87.1,1
1/1/21,269.518,5444406,6.8,3700.649902,87.1,1
2/1/21,269.922,5444406,6.6,3773.860107,95.2,1
3/1/21,270.686,5444406,6.2,3901.820068,114.9,1
4/1/21,272.798,5784816,5.7,4019.870117,117.5,1
5/1/21,274.722,5784816,5.5,4192.660156,120,1
6/1/21,276.889,5784816,6.1,4202.040039,128.9,1
7/1/21,277.899,5883177,5.7,4319.939941,125.1,1
8/1/21,278.496,5883177,5.3,4387.160156,115.2,1
9/1/21,279.472,5883177,4.6,4524.089844,109.8,1
10/1/21,281.269,6203369,4.3,4357.040039,111.6,1
11/1/21,282.838,6203369,3.9,4613.669922,111.9,1
12/1/21,284.395,6203369,3.7,4513.040039,115.2,1
1/1/22,286.176,6010733,4.4,4796.560059,111.1,1
2/1/22,287.835,6010733,4.1,4546.540039,105.7,1
3/1/22,289.046,6010733,3.8,4306.259766,107.6,1
4/1/22,290.818,6352982,3.3,4545.859863,108.6,1
5/1/22,292.884,6352982,3.4,4155.379883,103.2,1
6/1/22,295.075,6352982,3.8,4101.22998,98.4,1
7/1/22,296.341,6423822,3.8,3825.330078,95.3,1
8/1/22,298.121,6423822,3.8,4118.629883,103.6,1
9/1/22,299.93,6423822,3.3,3966.850098,107.8,1
10/1/22,300.892,NA,3.4,3678.429932,102.5,1
11/1/22,NA,NA,NA,3856.100098,NA,1